{
  "epoch": [
    0,
    1,
    2,
    3,
    4,
    5,
    6,
    7,
    8,
    9,
    10,
    11,
    12,
    13,
    14,
    15,
    16,
    17,
    18,
    19,
    20,
    21,
    22,
    23,
    24,
    25,
    26,
    27,
    28,
    29,
    30,
    31,
    32,
    33,
    34,
    35,
    36,
    37,
    38,
    39,
    40,
    41,
    42,
    43,
    44,
    45,
    46,
    47,
    48,
    49,
    50,
    51,
    52,
    53,
    54,
    55,
    56,
    57,
    58,
    59
  ],
  "lambda_sparse": [
    0.0,
    0.016666666666666666,
    0.03333333333333333,
    0.05,
    0.06666666666666667,
    0.08333333333333333,
    0.1,
    0.11666666666666667,
    0.13333333333333333,
    0.15,
    0.16666666666666666,
    0.18333333333333332,
    0.2,
    0.21666666666666667,
    0.23333333333333334,
    0.25,
    0.26666666666666666,
    0.2833333333333333,
    0.3,
    0.31666666666666665,
    0.3333333333333333,
    0.35,
    0.36666666666666664,
    0.38333333333333336,
    0.4,
    0.4166666666666667,
    0.43333333333333335,
    0.45,
    0.4666666666666667,
    0.48333333333333334,
    0.5,
    0.5,
    0.5,
    0.5,
    0.5,
    0.5,
    0.5,
    0.5,
    0.5,
    0.5,
    0.5,
    0.5,
    0.5,
    0.5,
    0.5,
    0.5,
    0.5,
    0.5,
    0.5,
    0.5,
    0.5,
    0.5,
    0.5,
    0.5,
    0.5,
    0.5,
    0.5,
    0.5,
    0.5,
    0.5
  ],
  "train_loss": [
    0.02577340218704194,
    0.03209062584210187,
    0.03756816126406193,
    0.02383778296643868,
    0.02343531060614623,
    0.023576322535518557,
    0.02363363397307694,
    0.023694150033406913,
    0.02351950533920899,
    0.02380908594932407,
    0.02365208847913891,
    0.023674929805565625,
    0.023695374082308263,
    0.023538285691756755,
    0.023676072189118713,
    0.023600459389854223,
    0.023445605009328574,
    0.023584087670315057,
    0.023719368677120656,
    0.023660431907046586,
    0.023605991329532117,
    0.023573881131596863,
    0.023904805537313223,
    0.02368066686904058,
    0.023765009711496532,
    0.023634352255612612,
    0.023633024480659515,
    0.02352495997911319,
    0.02365114417625591,
    0.023572395846713334,
    0.02370718086604029,
    0.023575811181217432,
    0.023611690674442798,
    0.02371117821894586,
    0.02352237480226904,
    0.02358554379316047,
    0.023687769542448223,
    0.023574394988827407,
    0.02372637193184346,
    0.02359570941189304,
    0.023688213084824383,
    0.023654174467083067,
    0.023723803518805653,
    0.023679889738559723,
    0.023380107944831252,
    0.02365786035079509,
    0.02380623563658446,
    0.02370903530390933,
    0.023735817288979888,
    0.023669133544899523,
    0.02368968422524631,
    0.023748909181449562,
    0.02351898094639182,
    0.023464144382160157,
    0.02353372296784073,
    0.023649654467590153,
    0.023743681667838246,
    0.023790423991158605,
    0.023658926191274077,
    0.02369353163521737
  ],
  "train_l1": [
    0.02577340218704194,
    0.02414026012411341,
    0.024119563167914748,
    0.02374220540514216,
    0.02343531060614623,
    0.023576322535518557,
    0.02363363397307694,
    0.023694150033406913,
    0.02351950533920899,
    0.02380908594932407,
    0.02365208847913891,
    0.023674929805565625,
    0.023695374082308263,
    0.023538285691756755,
    0.023676072189118713,
    0.023600459389854223,
    0.023445605009328574,
    0.023584087670315057,
    0.023719368677120656,
    0.023660431907046586,
    0.023605991329532117,
    0.023573881131596863,
    0.023904805537313223,
    0.02368066686904058,
    0.023765009711496532,
    0.023634352255612612,
    0.023633024480659515,
    0.02352495997911319,
    0.02365114417625591,
    0.023572395846713334,
    0.02370718086604029,
    0.023575811181217432,
    0.023611690674442798,
    0.02371117821894586,
    0.02352237480226904,
    0.02358554379316047,
    0.023687769542448223,
    0.023574394988827407,
    0.02372637193184346,
    0.02359570941189304,
    0.023688213084824383,
    0.023654174467083067,
    0.023723803518805653,
    0.023679889738559723,
    0.023380107944831252,
    0.02365786035079509,
    0.02380623563658446,
    0.02370903530390933,
    0.023735817288979888,
    0.023669133544899523,
    0.02368968422524631,
    0.023748909181449562,
    0.02351898094639182,
    0.023464144382160157,
    0.02353372296784073,
    0.023649654467590153,
    0.023743681667838246,
    0.023790423991158605,
    0.023658926191274077,
    0.02369353163521737
  ],
  "mask_mean": [
    0.49730145931243896,
    0.47702191583812237,
    0.40345791541039944,
    0.0019115525706936071,
    0.0,
    0.0,
    0.0,
    0.0,
    0.0,
    0.0,
    0.0,
    0.0,
    0.0,
    0.0,
    0.0,
    0.0,
    0.0,
    0.0,
    0.0,
    0.0,
    0.0,
    0.0,
    0.0,
    0.0,
    0.0,
    0.0,
    0.0,
    0.0,
    0.0,
    0.0,
    0.0,
    0.0,
    0.0,
    0.0,
    0.0,
    0.0,
    0.0,
    0.0,
    0.0,
    0.0,
    0.0,
    0.0,
    0.0,
    0.0,
    0.0,
    0.0,
    0.0,
    0.0,
    0.0,
    0.0,
    0.0,
    0.0,
    0.0,
    0.0,
    0.0,
    0.0,
    0.0,
    0.0,
    0.0,
    0.0
  ]
}