{
  "train_loss": [
    0.03658140264451504,
    0.034872348071075976,
    0.03573842509649694,
    0.03675199375720695,
    0.03700565127655864,
    0.03691271157003939,
    0.03371368860825896,
    0.03323100449051708,
    0.033315662178210914,
    0.033141185936983675,
    0.03316782624460757,
    0.03310010954737663,
    0.033065352123230696,
    0.03305336553603411,
    0.033141377090942115,
    0.033120569481980056,
    0.03323926898883656,
    0.03271581622539088,
    0.03304387966636568,
    0.03285178903024644,
    0.032842794666066766,
    0.03316970163723454,
    0.03317693748977035,
    0.0331601586076431,
    0.03299877466633916,
    0.03321616054745391,
    0.0328752807690762,
    0.03299143316689879,
    0.03305706335231662,
    0.03309192240703851,
    0.03288260364206508,
    0.0331826297333464,
    0.033032175386324525,
    0.033252551103942096,
    0.03324408980552107,
    0.03332290711114183,
    0.03330927330534905,
    0.03303314308868721,
    0.033281248703133315,
    0.033320310700219125,
    0.0331044199410826,
    0.033297578687779605,
    0.03295287099899724,
    0.033376004721503705,
    0.033110407181084156,
    0.03320205875206739,
    0.03296572790713981,
    0.03291923622600734,
    0.032822522800415754,
    0.033251576067414135,
    0.03300669661257416,
    0.03325046977261081,
    0.03305326111149043,
    0.03296039125416428,
    0.033192074042744935,
    0.03303488693200052,
    0.033203000493813306,
    0.03349604248069227,
    0.03294785413891077,
    0.03322464495431632,
    0.03328785771736875,
    0.03304551012115553,
    0.03308885812293738,
    0.03331515536410734,
    0.032873830234166235,
    0.03291916532907635,
    0.03337496111635119,
    0.03271369053982198,
    0.032899001496843994,
    0.03326822887174785,
    0.03291916789021343,
    0.032994404376950115,
    0.03295468015130609,
    0.033117924991529435,
    0.03320287715177983,
    0.03296615881845355,
    0.03291030274704099,
    0.032766315795015544,
    0.032996170048136264,
    0.03319585643475875
  ],
  "val_psnr": [
    22.548348736857918,
    22.554111694212434,
    22.555270120573546,
    22.555270120573546,
    22.555270120573546,
    22.555270120573546,
    22.555270120573546,
    22.555270120573546,
    22.555270120573546,
    22.555270120573546,
    22.555270120573546,
    22.555270120573546,
    22.555270120573546,
    22.555270120573546,
    22.555270120573546,
    22.555270120573546,
    22.555270120573546
  ],
  "val_epoch": [
    0,
    0,
    0,
    0,
    0,
    0,
    0,
    5,
    5,
    5,
    5,
    5,
    5,
    5,
    10,
    10,
    10,
    10,
    10,
    10,
    10,
    15,
    15,
    15,
    15,
    15,
    15,
    15,
    20,
    20,
    20,
    20,
    20,
    20,
    20,
    25,
    25,
    25,
    25,
    25,
    25,
    25,
    30,
    30,
    30,
    30,
    30,
    30,
    30,
    35,
    35,
    35,
    35,
    35,
    35,
    35,
    40,
    40,
    40,
    40,
    40,
    40,
    40,
    45,
    45,
    45,
    45,
    45,
    45,
    45,
    50,
    50,
    50,
    50,
    50,
    50,
    50,
    55,
    55,
    55,
    55,
    55,
    55,
    55,
    60,
    60,
    60,
    60,
    60,
    60,
    60,
    65,
    65,
    65,
    65,
    65,
    65,
    65,
    70,
    70,
    70,
    70,
    70,
    70,
    70,
    75,
    75,
    75,
    75,
    75,
    75,
    75,
    79,
    79,
    79,
    79,
    79,
    79,
    79
  ],
  "val_ssim": [
    0.8644009977579117,
    0.8665111064910889,
    0.8666719496250153,
    0.8666719496250153,
    0.8666719496250153,
    0.8666719496250153,
    0.8666719496250153,
    0.8666719496250153,
    0.8666719496250153,
    0.8666719496250153,
    0.8666719496250153,
    0.8666719496250153,
    0.8666719496250153,
    0.8666719496250153,
    0.8666719496250153,
    0.8666719496250153,
    0.8666719496250153
  ],
  "val_l1_loss": [
    0.02826626691967249,
    0.027997179655358195,
    0.02757884655147791,
    0.02757884655147791,
    0.02757884655147791,
    0.02757884655147791,
    0.02757884655147791,
    0.02757884655147791,
    0.02757884655147791,
    0.02757884655147791,
    0.02757884655147791,
    0.02757884655147791,
    0.02757884655147791,
    0.02757884655147791,
    0.02757884655147791,
    0.02757884655147791,
    0.02757884655147791
  ],
  "val_l1_improvement": [
    -2.915815761880065,
    -1.7707168390341677,
    0.0,
    0.0,
    0.0,
    0.0,
    0.0,
    0.0,
    0.0,
    0.0,
    0.0,
    0.0,
    0.0,
    0.0,
    0.0,
    0.0,
    0.0
  ],
  "val_iou": [
    0.29135894775390625,
    0.29135894775390625,
    0.0,
    0.0,
    0.0,
    0.0,
    0.0,
    0.0,
    0.0,
    0.0,
    0.0,
    0.0,
    0.0,
    0.0,
    0.0,
    0.0,
    0.0
  ],
  "val_mask_contrast": [
    0.9993668347597122,
    1.0028850436210632,
    0.0,
    0.0,
    0.0,
    0.0,
    0.0,
    0.0,
    0.0,
    0.0,
    0.0,
    0.0,
    0.0,
    0.0,
    0.0,
    0.0,
    0.0
  ],
  "val_mask_mean": [
    0.4684084951877594,
    0.23316288366913795,
    6.044702156430503e-20,
    6.044684728284296e-20,
    6.044691089658636e-20,
    6.04468929231795e-20,
    6.044688403745026e-20,
    6.044684324387513e-20,
    6.044691513750259e-20,
    6.044688363355348e-20,
    6.044688464329543e-20,
    6.044687757510172e-20,
    6.044685011012045e-20,
    6.044688181601795e-20,
    6.044683799321694e-20,
    6.044682789579736e-20,
    6.04468682854757e-20
  ]
}