{
  "epoch": [
    0,
    1,
    2,
    3,
    4,
    5
  ],
  "lambda_sparse": [
    0.0,
    0.0025000000000000005,
    0.005000000000000001,
    0.0075,
    0.010000000000000002,
    0.0125
  ],
  "train_loss": [
    0.024705089214775298,
    0.024605703288837086,
    0.024449855857898318,
    0.014697575424280431,
    0.008299734960827563,
    0.008121117121643491
  ],
  "train_l1": [
    0.024705089214775298,
    0.02344821204268743,
    0.022281826843344975,
    0.01243101687185348,
    0.008210199330711649,
    0.008013760168401022
  ],
  "mask_mean": [
    0.4740470245717064,
    0.4629964819030156,
    0.4336058232519362,
    0.30220780039708767,
    0.008953567897339188,
    0.008588553879350896
  ]
}