{
  "epoch": [
    0,
    1,
    2,
    3,
    4,
    5,
    6,
    7,
    8,
    9,
    10
  ],
  "train_loss": [
    0.907632269859314,
    0.9044098651409149,
    0.8944955766201019,
    0.8763905727863311,
    0.9896318387985229,
    1.004285113811493,
    1.0042851066589356,
    1.0042851042747498,
    1.0042851185798645,
    1.004285111427307,
    1.0042851066589356
  ],
  "train_iou": [
    0.10202115088823917,
    0.10866668701171875,
    0.1183024426434394,
    0.13468087691697372,
    0.016006437735861797,
    0.0,
    0.0,
    0.0,
    0.0,
    0.0,
    0.0
  ],
  "mask_mean": [
    0.5283824437856675,
    0.6708475482463837,
    0.7501292759180069,
    0.6889638602733612,
    0.0828517622991745,
    1.1110204022075687e-37,
    1.0134765937211452e-37,
    1.013249702480294e-37,
    1.0132539968995677e-37,
    1.013250555590799e-37,
    1.0132462465980213e-37
  ]
}