{
  "epoch": [
    0,
    1,
    2,
    3,
    4,
    5,
    6,
    7,
    8,
    9,
    10,
    11,
    12,
    13,
    14,
    15,
    16,
    17,
    18,
    19,
    20,
    21,
    22,
    23,
    24,
    25,
    26,
    27,
    28,
    29,
    30,
    31,
    32,
    33,
    34,
    35,
    36,
    37,
    38,
    39,
    40,
    41,
    42,
    43,
    44,
    45,
    46,
    47,
    48,
    49,
    50,
    51,
    52,
    53,
    54,
    55,
    56,
    57,
    58,
    59,
    60,
    61,
    62,
    63,
    64,
    65,
    66,
    67,
    68,
    69,
    70,
    71,
    72,
    73,
    74,
    75,
    76,
    77,
    78,
    79
  ],
  "seed": 789,
  "train_loss": [
    0.06337108928710222,
    0.06202788045629859,
    0.0632437615422532,
    0.06423781695775688,
    0.0653581926599145,
    0.06466289609670639,
    0.06174449296668172,
    0.06061350856907666,
    0.06080281257163733,
    0.060681640869006515,
    0.060851881047710776,
    0.06073537387419492,
    0.060543927014805377,
    0.06045434484258294,
    0.060617284500040114,
    0.06054730492178351,
    0.060530098038725555,
    0.060881556710228324,
    0.06100718991365284,
    0.060362271848134696,
    0.06051442516036332,
    0.060761974193155766,
    0.0605256378185004,
    0.060613995883613825,
    0.06069431081414223,
    0.06076676130760461,
    0.060562796192243695,
    0.0608830947894603,
    0.06066125899087638,
    0.060703004128299654,
    0.060740169254131615,
    0.06102016114164144,
    0.060761040658690035,
    0.06085082411300391,
    0.060609898529946804,
    0.06086169322952628,
    0.0604442871408537,
    0.060650375322438776,
    0.060803425032645464,
    0.06042626372072846,
    0.06061923410743475,
    0.060289302142336965,
    0.06049620464909822,
    0.06080062314867973,
    0.06025933939963579,
    0.0606986687052995,
    0.060631114756688476,
    0.06089300778694451,
    0.060539991478435695,
    0.06061626854352653,
    0.06042291841004044,
    0.06071255973074585,
    0.060697971493937075,
    0.060569803696125746,
    0.060784709989093244,
    0.0603148031514138,
    0.060619913041591644,
    0.06083290441893041,
    0.06054170895367861,
    0.06060542759951204,
    0.060501889674924314,
    0.060655351844616234,
    0.06061002868227661,
    0.06068743229843676,
    0.06089460232760757,
    0.06054137600585818,
    0.060715358005836606,
    0.0606088824570179,
    0.06059969693887979,
    0.06076010735705495,
    0.06073342973832041,
    0.060738095198757946,
    0.06059242633637041,
    0.060563889564946294,
    0.06103062245529145,
    0.060943988035432994,
    0.06045867421198636,
    0.060863986262120306,
    0.060724270762875676,
    0.060635298024863005
  ],
  "train_l1": [
    0.06337108928710222,
    0.060844288556836545,
    0.06094476452562958,
    0.06096285884268582,
    0.0613613803870976,
    0.0607142704539001,
    0.060728517011739314,
    0.06061093870084733,
    0.06080254283733666,
    0.060681449132971466,
    0.060851721093058586,
    0.060735239065252244,
    0.060543814208358526,
    0.0604542528744787,
    0.060617213137447834,
    0.0605472520692274,
    0.060530060436576605,
    0.060881529352627695,
    0.06100716965738684,
    0.06036225659772754,
    0.06051441270392388,
    0.06076196499634534,
    0.0605256303679198,
    0.06061398843303323,
    0.060694303712807596,
    0.06076675571966916,
    0.06056279118638486,
    0.06088308978360146,
    0.0606612553820014,
    0.06070300145074725,
    0.06074016692582518,
    0.06102015869691968,
    0.06076103798113763,
    0.06085082143545151,
    0.06060989561956376,
    0.060861690901219845,
    0.060444284812547266,
    0.060650372644886374,
    0.06080342270433903,
    0.060426263022236526,
    0.06061923410743475,
    0.060289302142336965,
    0.06049620464909822,
    0.06080062314867973,
    0.06025933939963579,
    0.0606986687052995,
    0.060631114756688476,
    0.06089300778694451,
    0.060539991478435695,
    0.06061626854352653,
    0.06042291841004044,
    0.06071255973074585,
    0.060697971493937075,
    0.060569803696125746,
    0.060784709989093244,
    0.0603148031514138,
    0.060619913041591644,
    0.06083290441893041,
    0.06054170895367861,
    0.06060542759951204,
    0.060501889674924314,
    0.060655351844616234,
    0.06061002868227661,
    0.06068743229843676,
    0.06089460232760757,
    0.06054137600585818,
    0.060715358005836606,
    0.0606088824570179,
    0.06059969693887979,
    0.06076010735705495,
    0.06073342973832041,
    0.060738095198757946,
    0.06059242633637041,
    0.060563889564946294,
    0.06103062245529145,
    0.060943988035432994,
    0.06045867421198636,
    0.060863986262120306,
    0.060724270762875676,
    0.060635298024863005
  ],
  "val_psnr": [
    12.539189125612737,
    12.539156710073737,
    12.539176858545336,
    12.539161833814797,
    12.539185459496487,
    12.53923780367796,
    12.539192440639773,
    12.53919253663506,
    12.53919253663506,
    12.53919253663506,
    12.53919253663506,
    12.53919253663506,
    12.53919253663506,
    12.53919253663506,
    12.53919253663506,
    12.53919253663506,
    12.53919253663506,
    12.53919253663506,
    12.53919253663506,
    12.53919253663506,
    12.53919253663506,
    12.53919253663506,
    12.53919253663506,
    12.53919253663506,
    12.53919253663506,
    12.53919253663506,
    12.53919253663506,
    12.53919253663506,
    12.53919253663506,
    12.53919253663506,
    12.53919253663506,
    12.53919253663506,
    12.53919253663506,
    12.53919253663506,
    12.53919253663506,
    12.53919253663506,
    12.53919253663506,
    12.53919253663506,
    12.53919253663506,
    12.53919253663506,
    12.53919253663506,
    12.53919253663506,
    12.53919253663506,
    12.53919253663506,
    12.53919253663506,
    12.53919253663506,
    12.53919253663506,
    12.53919253663506,
    12.53919253663506,
    12.53919253663506,
    12.53919253663506,
    12.53919253663506,
    12.53919253663506,
    12.53919253663506,
    12.53919253663506,
    12.53919253663506,
    12.53919253663506,
    12.53919253663506,
    12.53919253663506,
    12.53919253663506,
    12.53919253663506,
    12.53919253663506,
    12.53919253663506,
    12.53919253663506,
    12.53919253663506,
    12.53919253663506,
    12.53919253663506,
    12.53919253663506,
    12.53919253663506,
    12.53919253663506,
    12.53919253663506,
    12.53919253663506,
    12.53919253663506,
    12.53919253663506,
    12.53919253663506,
    12.53919253663506,
    12.53919253663506,
    12.53919253663506,
    12.53919253663506,
    12.53919253663506
  ],