{
  "train_loss": [
    0.24626507237553596,
    0.12622888130135834,
    0.10913150222040713,
    0.10030970466323197,
    0.095097970450297,
    0.0865550993476063,
    0.07396039669401944,
    0.06542393483687192,
    0.05919788358733058,
    0.054554053116589785,
    0.05011489812750369,
    0.04543573991395533,
    0.04409191489685327,
    0.041796815930865705,
    0.04204943566583097,
    0.03765442385338247,
    0.036924465210177004,
    0.035851517284754664,
    0.038460416602902114,
    0.035826663428451866,
    0.03476425213739276,
    0.03294643422123045,
    0.03297414298867807,
    0.032378681644331664,
    0.03367481043096632,
    0.031900812522508204,
    0.033105245674960315,
    0.032245869166217744,
    0.0302998807746917,
    0.030702486052177846,
    0.030799019848927855,
    0.030817297170870006,
    0.029542517208028585,
    0.03015195531770587,
    0.028516128018964082,
    0.029323794995434582,
    0.030364122474566102,
    0.028771487181074917,
    0.027805256366264075,
    0.027659976622089744,
    0.027310815698001534,
    0.02823552628979087,
    0.02737388398963958,
    0.027012216509319842,
    0.02708297810750082,
    0.02642263623420149,
    0.026599983568303287,
    0.025955928198527545,
    0.025791785854380578,
    0.025920417450834066,
    0.025827558245509863,
    0.025716156815178692,
    0.02554294205037877,
    0.02527066698530689,
    0.02528138953493908,
    0.0250609559006989,
    0.025055406498722732,
    0.025086132693104446,
    0.025072153890505433,
    0.024819506448693573,
    0.02488930511754006,
    0.024797974154353142,
    0.024924029014073312,
    0.024659515416715294,
    0.024542011553421617,
    0.024568526598159224,
    0.024835885385982692,
    0.024462472822051495,
    0.02444914763327688,
    0.02452411490958184,
    0.02460032148519531,
    0.024493283301126212,
    0.024365575576666743,
    0.024987575539853424,
    0.024632502521853894,
    0.024282399157527834,
    0.024352543230634183,
    0.024628860119264573,
    0.0245687430142425,
    0.024252925883047283
  ],
  "val_psnr": [
    10.388705062701636,
    14.40881397387006,
    17.78891693738503,
    19.737498272321893,
    20.754168523333,
    21.16225408162305,
    21.702072688547005,
    21.886970909125406,
    22.52022602720018,
    22.86834078849475,
    23.04380221168747,
    23.120510984044945,
    23.331489633711435,
    23.410010380284618,
    23.312336283429453,
    23.430816627286788,
    23.428282972051726
  ],
  "val_epoch": [
    0,
    0,
    0,
    0,
    5,
    5,
    5,
    5,
    10,
    10,
    10,
    10,
    15,
    15,
    15,
    15,
    20,
    20,
    20,
    20,
    25,
    25,
    25,
    25,
    30,
    30,
    30,
    30,
    35,
    35,
    35,
    35,
    40,
    40,
    40,
    40,
    45,
    45,
    45,
    45,
    50,
    50,
    50,
    50,
    55,
    55,
    55,
    55,
    60,
    60,
    60,
    60,
    65,
    65,
    65,
    65,
    70,
    70,
    70,
    70,
    75,
    75,
    75,
    75,
    79,
    79,
    79,
    79
  ],
  "val_ssim": [
    0.3473867326974869,
    0.5537944734096527,
    0.6739717572927475,
    0.7174593657255173,
    0.7245925515890121,
    0.7400924414396286,
    0.7411630749702454,
    0.761490523815155,
    0.7765821814537048,
    0.7837731242179871,
    0.7866972833871841,
    0.7916031330823898,
    0.7941824495792389,
    0.7965787053108215,
    0.7950947135686874,
    0.7973773926496506,
    0.7972431033849716
  ],
  "val_l1_loss": [
    0.24841641634702682,
    0.13981996104121208,
    0.08378753066062927,
    0.06322156265377998,
    0.05555506609380245,
    0.05269739590585232,
    0.04906074516475201,
    0.047235132195055485,
    0.0433205422013998,
    0.04161981865763664,
    0.04039599746465683,
    0.03985570138320327,
    0.038578069768846035,
    0.03810827899724245,
    0.03839735686779022,
    0.03788592107594013,
    0.037897142581641674
  ],
  "val_l1_improvement": [
    -301.42431094184565,
    -126.57499526375267,
    -35.65428954973325,
    -2.3576700826177235,
    9.923164965362691,
    14.608008204215452,
    20.439005766195827,
    23.40776600190508,
    29.684104719264795,
    32.44354558285286,
    34.42620460019588,
    35.312103291547444,
    37.36736784005964,
    38.1280204514077,
    37.66802178682834,
    38.48949507637044,
    38.4714103516524
  ]
}