{
  "epoch": [
    0,
    1,
    2,
    3,
    4,
    5,
    6,
    7,
    8,
    9,
    10,
    11,
    12,
    13,
    14,
    15,
    16,
    17,
    18,
    19,
    20,
    21,
    22,
    23,
    24,
    25,
    26,
    27,
    28,
    29,
    30,
    31,
    32,
    33,
    34,
    35,
    36,
    37,
    38,
    39,
    40,
    41,
    42,
    43,
    44,
    45,
    46,
    47,
    48,
    49,
    50,
    51,
    52,
    53,
    54,
    55,
    56,
    57,
    58,
    59,
    60,
    61,
    62,
    63,
    64,
    65,
    66,
    67,
    68,
    69,
    70,
    71,
    72,
    73,
    74,
    75,
    76,
    77,
    78,
    79
  ],
  "lambda_sparse": [
    0.0,
    0.0,
    0.0,
    0.0,
    0.0,
    0.0,
    0.0,
    0.0,
    0.0,
    0.0,
    0.0,
    0.0,
    0.0,
    0.0,
    0.0,
    0.0,
    0.0,
    0.0,
    0.0,
    0.0,
    0.0,
    0.0,
    0.0,
    0.0,
    0.0,
    0.0,
    0.0,
    0.0,
    0.0,
    0.0,
    0.0,
    0.0,
    0.0,
    0.0,
    0.0,
    0.0,
    0.0,
    0.0,
    0.0,
    0.0,
    0.0,
    0.0,
    0.0,
    0.0,
    0.0,
    0.0,
    0.0,
    0.0,
    0.0,
    0.0,
    0.0,
    0.0,
    0.0,
    0.0,
    0.0,
    0.0,
    0.0,
    0.0,
    0.0,
    0.0,
    0.0,
    0.0,
    0.0,
    0.0,
    0.0,
    0.0,
    0.0,
    0.0,
    0.0,
    0.0,
    0.0,
    0.0,
    0.0,
    0.0,
    0.0,
    0.0,
    0.0,
    0.0,
    0.0,
    0.0
  ],
  "train_loss": [
    0.02433746379046213,
    0.02002605546029314,
    0.011866023327918753,
    0.008611254039264861,
    0.008180878775578642,
    0.008245218160843093,
    0.008081583431847984,
    0.007870663460048418,
    0.007961003508950983,
    0.007678372020434056,
    0.007742281552285902,
    0.007840098731870216,
    0.007685508608581528,
    0.007672449263433616,
    0.007589445227668399,
    0.00781828530931047,
    0.007629722334621917,
    0.007700024320492669,
    0.007546472773399381,
    0.007922379876531306,
    0.008356662918000466,
    0.007778975077801281,
    0.007615376308205582,
    0.0077161749470092,
    0.007625710585021547,
    0.007538660148543025,
    0.007588880624444712,
    0.007565388160329017,
    0.007464228634027735,
    0.007478158248381482,
    0.0074323085395412315,
    0.007424608708196689,
    0.007410115458899074,
    0.007484908962237929,
    0.007495491861528348,
    0.007398922447233446,
    0.007429582879893364,
    0.007506083157504835,
    0.0074304090664973335,
    0.007446186971806344,
    0.007467805696207853,
    0.00736996926929033,
    0.007370712723405589,
    0.00739599640909878,
    0.007425144699121278,
    0.007402247978403928,
    0.007422203031767692,
    0.00741173518407676,
    0.007378542784690147,
    0.0073651353281641765,
    0.007348641631237808,
    0.007384834101512318,
    0.007419328208983181,
    0.007408533733160723,
    0.007379832211881876,
    0.00738456676758471,
    0.007360169538370673,
    0.007355905551877286,
    0.007368372590650642,
    0.00737455819866487,
    0.007374248482168667,
    0.007363147471868802,
    0.007338895122446711,
    0.007342128205068764,
    0.007341889812359734,
    0.007369713709940986,
    0.007367372712386506,
    0.0073306516389406865,
    0.007321098265016363,
    0.007364122466819864,
    0.007328129927849486,
    0.007331090328830575,
    0.0073364438962132215,
    0.007347568559149901,
    0.0073160590411769965,
    0.007346794171820557,
    0.007335318171138328,
    0.0073590816944719304,
    0.007367311622060481,
    0.007320924898579953
  ],
  "train_l1": [
    0.02433746379046213,
    0.02002605546029314,
    0.011866023327918753,
    0.008611254039264861,
    0.008180878775578642,
    0.008245218160843093,
    0.008081583431847984,
    0.007870663460048418,
    0.007961003508950983,
    0.007678372020434056,
    0.007742281552285902,
    0.007840098731870216,
    0.007685508608581528,
    0.007672449263433616,
    0.007589445227668399,
    0.00781828530931047,
    0.007629722334621917,
    0.007700024320492669,
    0.007546472773399381,
    0.007922379876531306,
    0.008356662918000466,
    0.007778975077801281,
    0.007615376308205582,
    0.0077161749470092,
    0.007625710585021547,
    0.007538660148543025,
    0.007588880624444712,
    0.007565388160329017,
    0.007464228634027735,
    0.007478158248381482,
    0.0074323085395412315,
    0.007424608708196689,
    0.007410115458899074,
    0.007484908962237929,
    0.007495491861528348,
    0.007398922447233446,
    0.007429582879893364,
    0.007506083157504835,
    0.0074304090664973335,
    0.007446186971806344,
    0.007467805696207853,
    0.00736996926929033,
    0.007370712723405589,
    0.00739599640909878,
    0.007425144699121278,
    0.007402247978403928,
    0.007422203031767692,
    0.00741173518407676,
    0.007378542784690147,
    0.0073651353281641765,
    0.007348641631237808,
    0.007384834101512318,
    0.007419328208983181,
    0.007408533733160723,
    0.007379832211881876,
    0.00738456676758471,
    0.007360169538370673,
    0.007355905551877286,
    0.007368372590650642,
    0.00737455819866487,
    0.007374248482168667,
    0.007363147471868802,
    0.007338895122446711,
    0.007342128205068764,
    0.007341889812359734,
    0.007369713709940986,
    0.007367372712386506,
    0.0073306516389406865,
    0.007321098265016363,
    0.007364122466819864,
    0.007328129927849486,
    0.007331090328830575,
    0.0073364438962132215,
    0.007347568559149901,
    0.0073160590411769965,
    0.007346794171820557,
    0.007335318171138328,
    0.0073590816944719304,
    0.007367311622060481,
    0.007320924898579953
  ],
  "mask_mean": [
    0.46670797041484285,
    0.45369289224109954,
    0.43985117238665383,
    0.39981773401063586,
    0.38399411572350395,
    0.3769204607085576,
    0.3741142683558994,
    0.3700043497577546,
    0.3662963651475452,
    0.3633879167693002,
    0.36166867471876596,
    0.360896878299259,
    0.35769329515714493,
    0.3552402830313122,
    0.3536131717855968,
    0.3538209308707525,
    0.3504520621564653,
    0.3456841101722112,
    0.3422954995480795,
    0.33892383319990976,
    0.33829839220122687,
    0.33314431375927395,
    0.32681290639771354,
    0.3213222059938643,
    0.31087571287912036,
    0.2888331905243889,
    0.26743288267226445,
    0.236905219535979,
    0.18509741931680648,
    0.02659004931116388,
    0.009369592004943462,
    0.009350465788018136,
    0.009356112108521518,
    0.009294613404938626,
    0.009056576668092656,
    0.009213555389867416,
    0.009238246732228806,
    0.009181318383309104,
    0.009096131113076967,
    0.009123661267083315,
    0.009136847220361233,
    0.009236009628881537,
    0.009253712991873423,
    0.009258126596077568,
    0.009175760523667411,
    0.009293062848940728,
    0.016825245508539772,
    0.009217649565211363,
    0.009248515672331292,
    0.009297180832141922,
    0.0092449859597735,
    0.009282773279304069,
    0.009298962363529773,
    0.009255093522369862,
    0.00926474089335118,
    0.009293958640819977,
    0.00933575372965563,
    0.009300442752502268,
    0.009321099509381585,
    0.00931559270247817,
    0.009333874594183668,
    0.009324360978863543,
    0.009353714588556498,
    0.009372975972909776,
    0.00937390878855709,
    0.009342571240036733,
    0.00934830778056667,
    0.009401192201212757,
    0.009420894433759035,
    0.009382066723432333,
    0.009395710806111022,
    0.009405655453779868,
    0.009381897799256775,
    0.009422686024908982,
    0.00937646467031704,
    0.00938229998278003,
    0.009403261843891371,
    0.009392812485910125,
    0.009394088131745183,
    0.009416560856773266
  ]
}