{
  "epoch": [
    0,
    1,
    2,
    3,
    4,
    5,
    6,
    7,
    8,
    9,
    10,
    11,
    12,
    13,
    14,
    15,
    16,
    17,
    18,
    19,
    20,
    21,
    22,
    23,
    24,
    25,
    26,
    27,
    28,
    29,
    30,
    31,
    32,
    33,
    34,
    35,
    36,
    37,
    38,
    39,
    40,
    41,
    42,
    43,
    44,
    45,
    46,
    47,
    48,
    49,
    50,
    51,
    52,
    53,
    54,
    55,
    56,
    57,
    58,
    59,
    60,
    61,
    62,
    63,
    64,
    65,
    66,
    67,
    68,
    69,
    70,
    71,
    72,
    73,
    74,
    75,
    76,
    77,
    78,
    79
  ],
  "lambda_sparse": [
    0.0,
    0.0025000000000000005,
    0.005000000000000001,
    0.0075,
    0.010000000000000002,
    0.0125,
    0.015,
    0.017499999999999998,
    0.020000000000000004,
    0.022500000000000003,
    0.025,
    0.027500000000000004,
    0.03,
    0.0325,
    0.034999999999999996,
    0.037500000000000006,
    0.04000000000000001,
    0.0425,
    0.045000000000000005,
    0.0475,
    0.05,
    0.052500000000000005,
    0.05500000000000001,
    0.057499999999999996,
    0.06,
    0.0625,
    0.065,
    0.0675,
    0.06999999999999999,
    0.0725,
    0.07500000000000001,
    0.07750000000000001,
    0.08000000000000002,
    0.0825,
    0.085,
    0.08750000000000001,
    0.09000000000000001,
    0.09250000000000001,
    0.095,
    0.0975,
    0.1,
    0.1,
    0.1,
    0.1,
    0.1,
    0.1,
    0.1,
    0.1,
    0.1,
    0.1,
    0.1,
    0.1,
    0.1,
    0.1,
    0.1,
    0.1,
    0.1,
    0.1,
    0.1,
    0.1,
    0.1,
    0.1,
    0.1,
    0.1,
    0.1,
    0.1,
    0.1,
    0.1,
    0.1,
    0.1,
    0.1,
    0.1,
    0.1,
    0.1,
    0.1,
    0.1,
    0.1,
    0.1,
    0.1,
    0.1
  ],
  "train_loss": [
    0.02405525158558573,
    0.01573583281170281,
    0.01262371228741748,
    0.010050054950018724,
    0.0079708180153772,
    0.008046909678904783,
    0.008088584080161084,
    0.0078039933956923,
    0.00777656596804422,
    0.00784697760606096,
    0.007894648275973777,
    0.007794885090478356,
    0.007817170209443522,
    0.00777977854309101,
    0.007944192301245436,
    0.007911113194293447,
    0.007912583715681518,
    0.008026302178641634,
    0.00784064032551315,
    0.007904693240388519,
    0.007957169911750252,
    0.007883247098929826,
    0.007907252366994582,
    0.007924790575449902,
    0.007927338496619274,
    0.008015399599181754,
    0.008008152209517975,
    0.00799495984046232,
    0.008032139945065691,
    0.007949899239022108,
    0.008041604399858486,
    0.008000327392466484,
    0.008107317567226432,
    0.00804017133094252,
    0.008056206207367637,
    0.007979509819831167,
    0.008041286050149846,
    0.008007499625876782,
    0.008008718897130281,
    0.00797003528310193,
    0.008075897552309528,
    0.00806645125091549,
    0.008015875135444932,
    0.007910123213179528,
    0.007901743542225588,
    0.007851030877126115,
    0.007780876047613602,
    0.007814049861201692,
    0.007802971017857392,
    0.007791078560763881,
    0.0076757970132998055,
    0.007760962582237664,
    0.007696059658118184,
    0.007680916382620732,
    0.007657892798768386,
    0.007656582919437261,
    0.007630187286330121,
    0.007753986680495833,
    0.00764880345262114,
    0.0075880893476543915,
    0.007597798481583595,
    0.007558240666098538,
    0.007565370716509365,
    0.00755545354285647,
    0.007617059784630935,
    0.007507762313628244,
    0.007499066839319846,
    0.007543552075586621,
    0.007544972505124789,
    0.007503094232922036,
    0.007511678713536452,
    0.0075047920265841105,
    0.007527839518078263,
    0.007509246904639498,
    0.007521890451215089,
    0.007493452982060493,
    0.00748520770243236,
    0.007485834656224128,
    0.007504305857721539,
    0.007472208065409509
  ],
  "train_l1": [
    0.02405525158558573,
    0.014504047613295297,
    0.010247038263413642,
    0.008386168931980454,
    0.00787076520334397,
    0.007928001280460093,
    0.007948619328320973,
    0.00764137056345741,
    0.007592317315616778,
    0.007643937421519132,
    0.007675123386203297,
    0.0075522853830267515,
    0.007557909510704497,
    0.00749966251619515,
    0.007652225793294963,
    0.007596728539774342,
    0.007582497162123521,
    0.007683812160163172,
    0.007470690608320255,
    0.007520710302901174,
    0.007564729693094416,
    0.007465429079260618,
    0.007475260807763016,
    0.007478780604691969,
    0.007465900132609974,
    0.007535965484936559,
    0.007518793759305799,
    0.0074880920232288425,
    0.007515197508924064,
    0.007418803663717376,
    0.007503542080817241,
    0.007451860633279596,
    0.007562752864840958,
    0.007492903220866408,
    0.007517558263821734,
    0.007458455491042327,
    0.007504979303727548,
    0.0074931989010009505,
    0.007499414740041608,
    0.007484095651538126,
    0.007569170194781489,
    0.007576771568329562,
    0.00755307065056903,
    0.007489820971848473,
    0.00751192674099926,
    0.007510035099195582,
    0.007453614698042945,
    0.007500142723854099,
    0.007509831486949845,
    0.007476333632237381,
    0.007404173284562098,
    0.007497341054240389,
    0.007440706567158775,
    0.007430887799562206,
    0.007426545253053071,
    0.007435118454316306,
    0.00742226689019137,
    0.007536402903497219,
    0.007428269781586196,
    0.007380206965737873,
    0.007398377564395704,
    0.007367696568724655,
    0.007381761875299234,
    0.007377265420343194,
    0.007440102922301444,
    0.007333203462795133,
    0.0073293512021856645,
    0.0073774719891685344,
    0.007381414011534717,
    0.0073416319247039535,
    0.007353065712820916,
    0.007347863470573747,
    0.007372641230061177,
    0.00735511885778535,
    0.007368589603593425,
    0.00734060321239725,
    0.007333216900449423,
    0.007333697714207191,
    0.0073524219028296926,
    0.007320198607409284
  ],