{
  "train_loss": [
    0.17402056511491537,
    0.11822523619048297,
    0.10100465104915202,
    0.09081396530382335,
    0.08531552366912365,
    0.0791107292752713,
    0.07189085579011589,
    0.07339617179241031,
    0.07175102352630347,
    0.06477220950182527,
    0.06680913246236742,
    0.06581792782526463,
    0.06162639381363988,
    0.06100020697340369,
    0.06800445285625756,
    0.05982898373622447,
    0.05563655646983534,
    0.05574733775574714,
    0.05326236819382757,
    0.05417597002815455,
    0.05591224960517138,
    0.052890718332491815,
    0.049435865599662066,
    0.04873852804303169,
    0.04846997605636716,
    0.052743537933565676,
    0.0506037762388587,
    0.05023015977349132,
    0.04717771662399173,
    0.04647940758150071,
    0.04599631251767278,
    0.04842983151320368,
    0.04680909402668476,
    0.04355803958605975,
    0.04332528309896588,
    0.04433303524274379,
    0.04350984876509756,
    0.04528737149666995,
    0.045953651308082044,
    0.04521327815018594,
    0.04222996858879924,
    0.04027503728866577,
    0.04076184646692127,
    0.04005618335213512,
    0.0402841066243127,
    0.04062700527720153,
    0.040215596673078835,
    0.04108866269234568,
    0.039200864266604185,
    0.03901446599047631,
    0.04063648032024503,
    0.039802691084332764,
    0.03938090102747083,
    0.03847108711488545,
    0.038063619285821915,
    0.03754273115191609,
    0.03776814159937203,
    0.03787903569173068,
    0.037700531422160566,
    0.037595188012346625,
    0.037679522414691746,
    0.03738992603030056,
    0.0372151694027707,
    0.03751119977096096,
    0.037191769282799214,
    0.037014673464000225,
    0.037148422619793564,
    0.03690548485610634,
    0.03699419368058443,
    0.03664274839684367,
    0.03686521993950009,
    0.03689277672674507,
    0.03679560439195484,
    0.03650829510297626,
    0.03722066758200526,
    0.03677589830476791,
    0.036673002294264734,
    0.03677545010577887,
    0.03688291588332504,
    0.03706981387222186
  ],
  "val_psnr": [
    11.982418053110054,
    16.03285806843601,
    17.442282087162663,
    18.529120345427906,
    19.26779427248807,
    18.764133201061455,
    20.843375906066612,
    21.454702371810434,
    21.161723787418005,
    21.630965580926606,
    22.14256666380038,
    22.685338274542683,
    22.924511112247053,
    23.154549663728943,
    23.25876977055088,
    23.29899079844051,
    23.298840613640795
  ],
  "val_epoch": [
    0,
    0,
    0,
    0,
    5,
    5,
    5,
    5,
    10,
    10,
    10,
    10,
    15,
    15,
    15,
    15,
    20,
    20,
    20,
    20,
    25,
    25,
    25,
    25,
    30,
    30,
    30,
    30,
    35,
    35,
    35,
    35,
    40,
    40,
    40,
    40,
    45,
    45,
    45,
    45,
    50,
    50,
    50,
    50,
    55,
    55,
    55,
    55,
    60,
    60,
    60,
    60,
    65,
    65,
    65,
    65,
    70,
    70,
    70,
    70,
    75,
    75,
    75,
    75,
    79,
    79,
    79,
    79
  ],
  "val_ssim": [
    0.3885268270969391,
    0.5704644620418549,
    0.6065410822629929,
    0.6315731555223465,
    0.6383569091558456,
    0.644873782992363,
    0.6719114631414413,
    0.6853629648685455,
    0.6837234497070312,
    0.693483516573906,
    0.7041121274232864,
    0.7137142270803452,
    0.7177280187606812,
    0.7209122180938721,
    0.7220397293567657,
    0.7232382148504257,
    0.7232624888420105
  ],
  "val_l1_loss": [
    0.19418879225850105,
    0.11930806189775467,
    0.10335473716259003,
    0.08934068121016026,
    0.08021234534680843,
    0.08744331449270248,
    0.06569946929812431,
    0.0595258129760623,
    0.0608640369027853,
    0.057576727122068405,
    0.05475401319563389,
    0.05018565896898508,
    0.048701660707592964,
    0.046919806860387325,
    0.046273570507764816,
    0.04600815102458,
    0.046004303731024265
  ],
  "val_l1_improvement": [
    -843.547288352738,
    -489.84596271303917,
    -407.81303053188174,
    -343.3015297604953,
    -295.8755781316893,
    -330.7267060489904,
    -221.07178214682114,
    -191.72891700009612,
    -199.57906581815936,
    -182.50390066941685,
    -167.00705764895963,
    -144.32889885275492,
    -136.8899364267068,
    -127.5376944752894,
    -124.09428898612947,
    -122.74617166464958,
    -122.71583764458171
  ]
}