{
  "epoch": [
    0,
    1,
    2,
    3,
    4,
    5,
    6,
    7,
    8,
    9,
    10,
    11,
    12,
    13,
    14,
    15,
    16,
    17,
    18,
    19,
    20,
    21,
    22,
    23,
    24,
    25,
    26,
    27,
    28,
    29,
    30,
    31,
    32,
    33,
    34,
    35,
    36,
    37,
    38,
    39,
    40,
    41,
    42,
    43,
    44,
    45,
    46,
    47,
    48,
    49,
    50,
    51,
    52,
    53,
    54,
    55,
    56,
    57,
    58,
    59,
    60,
    61,
    62,
    63,
    64,
    65,
    66,
    67,
    68,
    69,
    70,
    71,
    72,
    73,
    74,
    75,
    76,
    77,
    78,
    79
  ],
  "lambda_sparse": [
    0.0,
    0.0025000000000000005,
    0.005000000000000001,
    0.0075,
    0.010000000000000002,
    0.0125,
    0.015,
    0.017499999999999998,
    0.020000000000000004,
    0.022500000000000003,
    0.025,
    0.027500000000000004,
    0.03,
    0.0325,
    0.034999999999999996,
    0.037500000000000006,
    0.04000000000000001,
    0.0425,
    0.045000000000000005,
    0.0475,
    0.05,
    0.052500000000000005,
    0.05500000000000001,
    0.057499999999999996,
    0.06,
    0.0625,
    0.065,
    0.0675,
    0.06999999999999999,
    0.0725,
    0.07500000000000001,
    0.07750000000000001,
    0.08000000000000002,
    0.0825,
    0.085,
    0.08750000000000001,
    0.09000000000000001,
    0.09250000000000001,
    0.095,
    0.0975,
    0.1,
    0.1,
    0.1,
    0.1,
    0.1,
    0.1,
    0.1,
    0.1,
    0.1,
    0.1,
    0.1,
    0.1,
    0.1,
    0.1,
    0.1,
    0.1,
    0.1,
    0.1,
    0.1,
    0.1,
    0.1,
    0.1,
    0.1,
    0.1,
    0.1,
    0.1,
    0.1,
    0.1,
    0.1,
    0.1,
    0.1,
    0.1,
    0.1,
    0.1,
    0.1,
    0.1,
    0.1,
    0.1,
    0.1,
    0.1
  ],
  "train_loss": [
    0.09133257176727057,
    0.09224667318165303,
    0.079754239898175,
    0.03318746272474527,
    0.026811578636989,
    0.020498762521892786,
    0.01942349288612604,
    0.022979019861668348,
    0.02084825766272843,
    0.02320715079084039,
    0.022331602424383163,
    0.018968506539240478,
    0.017585185831412675,
    0.016434436133131385,
    0.01463285761885345,
    0.017449521664530038,
    0.01381605003029108,
    0.013828254491090774,
    0.015524125061929225,
    0.013404210526496173,
    0.01362714939750731,
    0.012762681264430285,
    0.017907839864492417,
    0.015201906887814403,
    0.012597204530611633,
    0.012978847408667206,
    0.011953909154981375,
    0.011228255601599813,
    0.011080033220350742,
    0.010668847765773535,
    0.009939321922138334,
    0.010523953000083566,
    0.010830782470293343,
    0.01140169469639659,
    0.011761182164773345,
    0.010767323346808553,
    0.010851039942353964,
    0.009999667862430214,
    0.012499575307592749,
    0.00997215480543673,
    0.009551793192513288,
    0.010288737383671104,
    0.010308439624495805,
    0.011669049374759197,
    0.009224556251429022,
    0.009048062614165247,
    0.009308845694176853,
    0.00877327220980078,
    0.009547853586263954,
    0.008666670238599182,
    0.009087093910202383,
    0.00889604765921831,
    0.00882700264453888,
    0.008694575363770128,
    0.008503297814168037,
    0.008360774074681103,
    0.008243070263415576,
    0.008143318016082049,
    0.008424819954670966,
    0.008499929108656943,
    0.008138508517295123,
    0.008066813922487199,
    0.008193989675492048,
    0.008052662713453174,
    0.007974727610126138,
    0.008036209717392922,
    0.007894021514803172,
    0.007881395318545401,
    0.007858300036750733,
    0.007848817501217126,
    0.007832995462231339,
    0.007821883419528603,
    0.007819879096932708,
    0.00780493640806526,
    0.0078019870212301615,
    0.007797090862877667,
    0.007792736040428281,
    0.007790393009781837,
    0.007789400103501975,
    0.007787435250356793
  ],
  "train_l1": [
    0.09133257176727057,
    0.09107937604188919,
    0.07775022944435478,
    0.031038144342601298,
    0.02405507384799421,
    0.01715969292446971,
    0.015542474817484617,
    0.01868277879897505,
    0.01612462006509304,
    0.018525239531882107,
    0.01744887346867472,
    0.014260957832448184,
    0.012939467788673937,
    0.012398839122615754,
    0.010826311432756483,
    0.013801584844477474,
    0.010030621434561909,
    0.010761793907731772,
    0.012404705793596805,
    0.010372207690961659,
    0.01101437940262258,
    0.010076440386474133,
    0.01531055414583534,
    0.012433501407504082,
    0.010053105084225536,
    0.01062562216538936,
    0.009633016171865166,
    0.009000967480242253,
    0.008953139912337064,
    0.008642562124878168,
    0.008007176695391536,
    0.00872147046495229,
    0.009018471678718925,
    0.009572164085693658,
    0.009889131453819573,
    0.008952110740356147,
    0.009022997277788818,
    0.008222904992289842,
    0.010745089161209762,
    0.008157597300596535,
    0.00782169399317354,
    0.008641674579121173,
    0.008687259871512651,
    0.010071981665678322,
    0.007678009946830571,
    0.007566022481769324,
    0.007875776286236941,
    0.007384799798019231,
    0.008211707812733948,
    0.007352038528770208,
    0.007812489671632648,
    0.007643967322073877,
    0.007596167637966573,
    0.007494151410646736,
    0.007318516904488206,
    0.007199373506009579,
    0.0071061284327879545,
    0.007028198419138789,
    0.007328356173820794,
    0.007415324272587895,
    0.007070422773249447,
    0.007011458389461041,
    0.007150901542045176,
    0.007023068191483617,
    0.006952849528752267,
    0.007024302068166435,
    0.006889319368638098,
    0.0068837962811812755,
    0.006867344821803272,
    0.006864399542100727,
    0.006852972223423421,
    0.0068461824208498005,
    0.006847910867072642,
    0.006835806495510042,
    0.006835066969506443,
    0.0068316076137125495,
    0.006828683451749385,
    0.006826657094061375,
    0.006826787712052465,
    0.006824710941873491
  ],