{
  "epoch": [
    0,
    1,
    2,
    3,
    4,
    5,
    6,
    7,
    8,
    9,
    10,
    11,
    12,
    13,
    14,
    15,
    16,
    17,
    18,
    19,
    20,
    21,
    22,
    23,
    24,
    25,
    26,
    27,
    28,
    29,
    30,
    31,
    32,
    33,
    34,
    35,
    36,
    37,
    38,
    39,
    40,
    41,
    42,
    43,
    44,
    45,
    46,
    47,
    48,
    49,
    50,
    51,
    52,
    53,
    54,
    55,
    56,
    57,
    58,
    59,
    60,
    61,
    62,
    63,
    64,
    65,
    66,
    67,
    68,
    69,
    70,
    71,
    72,
    73,
    74,
    75,
    76,
    77,
    78,
    79,
    80,
    81,
    82,
    83,
    84,
    85,
    86,
    87,
    88,
    89,
    90,
    91,
    92,
    93,
    94,
    95,
    96,
    97,
    98,
    99
  ],
  "lambda_sparse": [
    0.0,
    0.0016666666666666668,
    0.0033333333333333335,
    0.005000000000000001,
    0.006666666666666667,
    0.008333333333333333,
    0.010000000000000002,
    0.011666666666666667,
    0.013333333333333334,
    0.015,
    0.016666666666666666,
    0.018333333333333333,
    0.020000000000000004,
    0.021666666666666667,
    0.023333333333333334,
    0.025,
    0.02666666666666667,
    0.028333333333333335,
    0.03,
    0.03166666666666667,
    0.03333333333333333,
    0.034999999999999996,
    0.03666666666666667,
    0.03833333333333334,
    0.04000000000000001,
    0.04166666666666667,
    0.043333333333333335,
    0.045000000000000005,
    0.04666666666666667,
    0.04833333333333334,
    0.05,
    0.05,
    0.05,
    0.05,
    0.05,
    0.05,
    0.05,
    0.05,
    0.05,
    0.05,
    0.05,
    0.05,
    0.05,
    0.05,
    0.05,
    0.05,
    0.05,
    0.05,
    0.05,
    0.05,
    0.05,
    0.05,
    0.05,
    0.05,
    0.05,
    0.05,
    0.05,
    0.05,
    0.05,
    0.05,
    0.05,
    0.05,
    0.05,
    0.05,
    0.05,
    0.05,
    0.05,
    0.05,
    0.05,
    0.05,
    0.05,
    0.05,
    0.05,
    0.05,
    0.05,
    0.05,
    0.05,
    0.05,
    0.05,
    0.05,
    0.05,
    0.05,
    0.05,
    0.05,
    0.05,
    0.05,
    0.05,
    0.05,
    0.05,
    0.05,
    0.05,
    0.05,
    0.05,
    0.05,
    0.05,
    0.05,
    0.05,
    0.05,
    0.05,
    0.05
  ],
  "train_loss": [
    0.0012779309395700694,
    0.0017829361399635672,
    0.0012144488724879921,
    0.0011001233307179063,
    0.001078699949197471,
    0.001072124436032027,
    0.0010723837830591946,
    0.001076771957334131,
    0.0010658498369157314,
    0.0010602440922521054,
    0.0010678098124917597,
    0.0010586448539979755,
    0.0010694446929264813,
    0.0010645968159660698,
    0.0010623539038933814,
    0.0010682106830645353,
    0.0010609802680555732,
    0.0010635619589593262,
    0.0010542264068499208,
    0.0010679489113390446,
    0.001057581173023209,
    0.0010636874742340297,
    0.0010620458675548435,
    0.0010585673549212515,
    0.0010617367434315383,
    0.0010572632839903236,
    0.0010549328175839038,
    0.001063722648192197,
    0.0010594454342499374,
    0.0010530697728972883,
    0.0010568075813353062,
    0.0010557034071534872,
    0.0010534652059432119,
    0.0010538020660169423,
    0.0010581251529511065,
    0.0010511548125650733,
    0.0010541678951121866,
    0.001051325636683032,
    0.0010583307980559767,
    0.0010516899398062378,
    0.0010521869477815927,
    0.0010507456355262547,
    0.001051254448480904,
    0.0010525111905299127,
    0.001049465965013951,
    0.001049844454973936,
    0.001047320462297648,
    0.001049274795455858,
    0.0010502880208659918,
    0.001049038202734664,
    0.0010487105615902693,
    0.0010501803930383176,
    0.0010470903788227588,
    0.0010491625086870044,
    0.0010467445291578769,
    0.001047496697632596,
    0.0010471319244243205,
    0.0010476935054175556,
    0.0010463164700195192,
    0.0010475427096243947,
    0.001044339780928567,
    0.0010470202974975109,
    0.0010448489058762789,
    0.0010440097418613732,
    0.0010440411244053394,
    0.0010459980519954115,
    0.0010431415876373648,
    0.001043968241661787,
    0.0010488533929456025,
    0.0010433673462830484,
    0.0010428279917687178,
    0.0010445463208016007,
    0.0010436678791884333,
    0.0010417259067762644,
    0.0010427042627707123,
    0.0010421366957016288,
    0.0010421532574109733,
    0.001042195028392598,
    0.001041434186976403,
    0.001041328850435093,
    0.0010418294433038682,
    0.0010411951229907573,
    0.0010407529633957892,
    0.0010417591349687427,
    0.0010406411436852067,
    0.001041323026176542,
    0.0010403966086450964,
    0.0010409735052380712,
    0.0010404470358043908,
    0.0010403817449696363,
    0.001040519212372601,
    0.001040206536417827,
    0.0010404168779496103,
    0.0010401431205682456,
    0.0010401273763272912,
    0.0010399639229290187,
    0.0010399221384432167,
    0.0010398676069453359,
    0.001039856007322669,
    0.00103983273380436
  ],
  "train_l1": [
    0.0012779309395700694,
    0.0010934518221765756,
    0.0010754215123597532,
    0.0010657592022325843,
    0.0010529215780552476,
    0.0010510570798069239,
    0.0010530801243148744,
    0.001057361282641068,
    0.0010486041670665146,
    0.0010442567279096693,
    0.001052662673406303,
    0.0010439824720378966,
    0.0010553780382033437,
    0.001050420664716512,
    0.0010485900759231298,
    0.001054978916887194,
    0.0010476334688719361,
    0.001050382961751893,
    0.0010416318133939057,
    0.0010556978490203618,
    0.00104547553579323,
    0.0010519769946113228,
    0.0010503372636158019,
    0.0010470484534744174,
    0.0010505631742998957,
    0.0010462010812480002,
    0.0010441466013435274,
    0.001053332415409386,
    0.0010491859044414013,
    0.0010427832622081042,
    0.001046908811898902,
    0.0010462237561587244,
    0.0010443838944192976,
    0.0010450958486180753,
    0.0010497104395180942,
    0.0010428635149728506,
    0.001046149858739227,
    0.0010435301368124782,
    0.0010506848832592369,
    0.001044146295869723,
    0.001044836902525276,
    0.0010435038413852454,
    0.001044167425716296,
    0.0010455169049091637,
    0.0010425992836244405,
    0.0010430719011928886,
    0.0010406904919072985,
    0.0010427771280519663,
    0.001043907780200243,
    0.0010426988443359732,
    0.001042480680393055,
    0.0010440192508976906,
    0.001040981387719512,
    0.0010431460733525454,
    0.0010407794718630611,
    0.0010416240815538914,
    0.0010413034050725401,
    0.0010419284757226706,
    0.0010405799399595707,
    0.0010418828865513205,
    0.0010387102940585464,
    0.0010414460124447942,
    0.0010393135729245841,
    0.0010385322293732316,
    0.0010385899846442044,
    0.0010406150701455772,
    0.0010377674249466508,
    0.0010386670047882944,
    0.0010435743054840714,
    0.0010381091828458012,
    0.0010375714162364602,
    0.0010393505815882236,
    0.0010384792312979698,
    0.0010365735138766468,
    0.0010375763822812586,
    0.0010370261552743614,
    0.0010370784970000387,
    0.0010371243716217578,
    0.0010363957236986607,
    0.001036290088435635,
    0.0010368270615581424,
    0.0010362052402924746,
    0.0010357805765233933,
    0.0010367870652116834,
    0.001035693399840966,
    0.0010363872423768043,
    0.0010354588718619199,
    0.0010360363710206003,
    0.0010355500264558942,
    0.0010354549724142998,
    0.0010356176970526575,
    0.0010353095699101686,
    0.00103551818523556,
    0.0010352317579090595,
    0.0010352333758492022,
    0.0010350744749885053,
    0.0010350369517691433,
    0.0010349945805501193,
    0.001034955363953486,
    0.0010349346799775959
  ],