{
  "epoch": [
    0,
    1,
    2,
    3,
    4,
    5,
    6,
    7,
    8,
    9,
    10,
    11,
    12,
    13,
    14,
    15,
    16,
    17,
    18,
    19,
    20,
    21,
    22,
    23,
    24,
    25,
    26,
    27,
    28,
    29,
    30,
    31,
    32,
    33,
    34,
    35,
    36,
    37,
    38,
    39,
    40,
    41,
    42,
    43,
    44,
    45,
    46,
    47,
    48,
    49,
    50,
    51,
    52,
    53,
    54,
    55,
    56,
    57,
    58,
    59,
    60,
    61,
    62,
    63,
    64,
    65,
    66,
    67,
    68,
    69,
    70,
    71,
    72,
    73,
    74,
    75,
    76,
    77,
    78,
    79
  ],
  "lambda_sparse": [
    0.0,
    0.0025000000000000005,
    0.005000000000000001,
    0.0075,
    0.010000000000000002,
    0.0125,
    0.015,
    0.017499999999999998,
    0.020000000000000004,
    0.022500000000000003,
    0.025,
    0.027500000000000004,
    0.03,
    0.0325,
    0.034999999999999996,
    0.037500000000000006,
    0.04000000000000001,
    0.0425,
    0.045000000000000005,
    0.0475,
    0.05,
    0.052500000000000005,
    0.05500000000000001,
    0.057499999999999996,
    0.06,
    0.0625,
    0.065,
    0.0675,
    0.06999999999999999,
    0.0725,
    0.07500000000000001,
    0.07750000000000001,
    0.08000000000000002,
    0.0825,
    0.085,
    0.08750000000000001,
    0.09000000000000001,
    0.09250000000000001,
    0.095,
    0.0975,
    0.1,
    0.1,
    0.1,
    0.1,
    0.1,
    0.1,
    0.1,
    0.1,
    0.1,
    0.1,
    0.1,
    0.1,
    0.1,
    0.1,
    0.1,
    0.1,
    0.1,
    0.1,
    0.1,
    0.1,
    0.1,
    0.1,
    0.1,
    0.1,
    0.1,
    0.1,
    0.1,
    0.1,
    0.1,
    0.1,
    0.1,
    0.1,
    0.1,
    0.1,
    0.1,
    0.1,
    0.1,
    0.1,
    0.1,
    0.1
  ],
  "train_loss": [
    0.056036167133312956,
    0.05434841977862211,
    0.05531038773747591,
    0.05638671609071585,
    0.0573218441926516,
    0.05798621217791851,
    0.05875390080305246,
    0.05901289072174292,
    0.05914918935069671,
    0.05672767013311386,
    0.05219500626509006,
    0.05227469079769575,
    0.05201839082516157,
    0.051860978397039265,
    0.052354295093279615,
    0.05237922358971376,
    0.0522920572413848,
    0.05221488126195394,
    0.05202173957457909,
    0.05233286808316524,
    0.0521334378192058,
    0.05202802213338705,
    0.05219671273460755,
    0.05200627732735414,
    0.051838579086156994,
    0.051846595910879284,
    0.05223083152220799,
    0.052147543201079734,
    0.052372497148238696,
    0.05208743420931009,
    0.05188377000964605,
    0.05236640400611437,
    0.0521573478785845,
    0.05217747619518867,
    0.05214639638478939,
    0.052224635504759274,
    0.05243599328857202,
    0.05241240761601008,
    0.051984710475573175,
    0.05204693228006363,
    0.0519322704237241,
    0.05221618797916632,
    0.05175636192926994,
    0.05212903252014747,
    0.052326664042014345,
    0.0521623922082094,
    0.05220516742422031,
    0.05277057278614778,
    0.05219918116927147,
    0.05212529805990366,
    0.05201466324237677,
    0.052017767555438556,
    0.05241227579804567,
    0.052195229209386386,
    0.05214547050686983,
    0.05209357692645146,
    0.0519444512633177,
    0.05232083252989329,
    0.0526398835847011,
    0.05243644232933338,
    0.05224936226239571,
    0.0525574956375819,
    0.05198574581971535,
    0.05211236700415611,
    0.05195503423993404,
    0.051997667321792014,
    0.052282411605119705,
    0.052252788096666336,
    0.05189789745670099,
    0.05263628180210407,
    0.05238620335092911,
    0.052072347643283695,
    0.05187294890101139,
    0.051947806030511856,
    0.05202929532298675,
    0.05259154479090984,
    0.05213651806116104,
    0.052239649857466035,
    0.05207161089548698,
    0.05179015002571619
  ],
  "train_l1": [
    0.056036167133312956,
    0.053127346703639396,
    0.052909056727702804,
    0.052865997243386045,
    0.052764942726263635,
    0.05250828627210397,
    0.05252493688693413,
    0.05229027741230451,
    0.05240919068455696,
    0.052598862980420776,
    0.05219483461517554,
    0.05227469079769575,
    0.05201839082516157,
    0.051860978397039265,
    0.052354295093279615,
    0.05237922358971376,
    0.0522920572413848,
    0.05221488126195394,
    0.05202173957457909,
    0.05233286808316524,
    0.0521334378192058,
    0.05202802213338705,
    0.05219671273460755,
    0.05200627732735414,
    0.051838579086156994,
    0.051846595910879284,
    0.05223083152220799,
    0.052147543201079734,
    0.052372497148238696,
    0.05208743420931009,
    0.05188377000964605,
    0.05236640400611437,
    0.0521573478785845,
    0.05217747619518867,
    0.05214639638478939,
    0.052224635504759274,
    0.05243599328857202,
    0.05241240761601008,
    0.051984710475573175,
    0.05204693228006363,
    0.0519322704237241,
    0.05221618797916632,
    0.05175636192926994,
    0.05212903252014747,
    0.052326664042014345,
    0.0521623922082094,
    0.05220516742422031,
    0.05277057278614778,
    0.05219918116927147,
    0.05212529805990366,
    0.05201466324237677,
    0.052017767555438556,
    0.05241227579804567,
    0.052195229209386386,
    0.05214547050686983,
    0.05209357692645146,
    0.0519444512633177,
    0.05232083252989329,
    0.0526398835847011,
    0.05243644232933338,
    0.05224936226239571,
    0.0525574956375819,
    0.05198574581971535,
    0.05211236700415611,
    0.05195503423993404,
    0.051997667321792014,
    0.052282411605119705,
    0.052252788096666336,
    0.05189789745670099,
    0.05263628180210407,
    0.05238620335092911,
    0.052072347643283695,
    0.05187294890101139,
    0.051947806030511856,
    0.05202929532298675,
    0.05259154479090984,
    0.05213651806116104,
    0.052239649857466035,
    0.05207161089548698,
    0.05179015002571619
  ],