{
  "train_loss": [
    0.22915468690916896,
    0.14761015074327588,
    0.12661871477030218,
    0.11112429364584386,
    0.1026144081261009,
    0.09673317708075047,
    0.08357569691725075,
    0.08178969915024936,
    0.07775755925104022,
    0.07011542562395334,
    0.06734448263887316,
    0.06154136930126697,
    0.061342972679995,
    0.06012138933874667,
    0.05491926916874945,
    0.05402645899448544,
    0.050653431680984795,
    0.05356732616201043,
    0.050427844980731606,
    0.05269311973825097,
    0.04916609125211835,
    0.04476108471862972,
    0.04426350013818592,
    0.05030101549346,
    0.04560211510397494,
    0.049813550780527294,
    0.042224478209391236,
    0.03992849437054247,
    0.04046999372076243,
    0.03891035809647292,
    0.038360476959496737,
    0.03755802265368402,
    0.03825594030786306,
    0.03884510416537523,
    0.03829921182477847,
    0.03741769545013085,
    0.03966656979173422,
    0.036211597733199596,
    0.03668216470396146,
    0.034730579354800284,
    0.033167643123306334,
    0.03483851393684745,
    0.03200765774818137,
    0.03113021864555776,
    0.031799901043996215,
    0.030743909999728203,
    0.03431283892132342,
    0.031880435708444566,
    0.029675129044335335,
    0.02975356939714402,
    0.028933527471963316,
    0.029195861832704395,
    0.028473914600908756,
    0.02816546685062349,
    0.02798597776563838,
    0.027883538394235075,
    0.027948411530815065,
    0.02789272047812119,
    0.02753569558262825,
    0.027601921116001904,
    0.026815538469236344,
    0.026983766700141132,
    0.026563573686871678,
    0.02645644888980314,
    0.026514656841754913,
    0.02644305519061163,
    0.026240923791192472,
    0.026161726098507643,
    0.026098489644937217,
    0.026096342829987407,
    0.026308574131689966,
    0.02618255966808647,
    0.025908440118655562,
    0.025979104510042816,
    0.025904574431478977,
    0.02634077687980607,
    0.02595055563142523,
    0.026106477656867355,
    0.02588869060855359,
    0.025933770928531885
  ],
  "val_psnr": [
    10.081397049008672,
    14.482652591796159,
    16.819679721001695,
    18.03376598221017,
    18.400426365141406,
    17.800370127766943,
    19.246930130366096,
    19.232967049840212,
    20.214394787529642,
    20.65315215346434,
    21.007748696421665,
    21.395587423336405,
    21.577984768159443,
    21.778287113921092,
    21.818114558460152,
    21.851451823708867,
    21.855142687608257
  ],
  "val_epoch": [
    0,
    0,
    0,
    0,
    5,
    5,
    5,
    5,
    10,
    10,
    10,
    10,
    15,
    15,
    15,
    15,
    20,
    20,
    20,
    20,
    25,
    25,
    25,
    25,
    30,
    30,
    30,
    30,
    35,
    35,
    35,
    35,
    40,
    40,
    40,
    40,
    45,
    45,
    45,
    45,
    50,
    50,
    50,
    50,
    55,
    55,
    55,
    55,
    60,
    60,
    60,
    60,
    65,
    65,
    65,
    65,
    70,
    70,
    70,
    70,
    75,
    75,
    75,
    75,
    79,
    79,
    79,
    79
  ],
  "val_ssim": [
    0.2342819906771183,
    0.5105127841234207,
    0.5774987936019897,
    0.6176747977733612,
    0.6473874747753143,
    0.6419323980808258,
    0.654512345790863,
    0.6602493822574615,
    0.6743754893541336,
    0.6886392533779144,
    0.6936142593622208,
    0.7076192200183868,
    0.7120221555233002,
    0.7158909738063812,
    0.717705100774765,
    0.7166282087564468,
    0.716653510928154
  ],
  "val_l1_loss": [
    0.2717291936278343,
    0.1441984623670578,
    0.10739227384328842,
    0.08749056048691273,
    0.08022417686879635,
    0.08978921547532082,
    0.07625932432711124,
    0.07375841774046421,
    0.0627367990091443,
    0.0593861760571599,
    0.05687058251351118,
    0.05155030731111765,
    0.04980776738375425,
    0.04840789828449488,
    0.04791776463389397,
    0.04773402214050293,
    0.047713558189570904
  ],
  "val_l1_improvement": [
    -339.3774373289188,
    -133.43345232052903,
    -73.20203976144322,
    -41.25186789179998,
    -29.413177485950104,
    -44.683626580710836,
    -23.02149365583613,
    -19.026203010325315,
    -1.2577058367276113,
    4.156209155148624,
    8.195801280261033,
    16.740455854913776,
    19.553788555700294,
    21.802239684986752,
    22.582668555665105,
    22.880728448134683,
    22.913731136963236
  ]
}