{
  "no_sparse": {
    "psnr_mean": 30.558855026810832,
    "psnr_std": 6.272870561693714,
    "ssim_mean": 0.7548241493105888,
    "ssim_std": 0.07478438256409203,
    "l1_loss_mean": 0.029941095135800424,
    "l1_loss_std": 0.007716017898950717,
    "lpips_approx_mean": 0.019996819353697598,
    "lpips_approx_std": 0.003703730402740252,
    "l1_improvement_pct_mean": 16.903208930280165,
    "l1_improvement_pct_std": 6.476127812631843,
    "iou_mean": 0.0,
    "iou_std": 0.0,
    "mask_contrast_ratio_mean": 109764.0033359275,
    "mask_contrast_ratio_std": 111794.23929052998,
    "mask_mean_mean": 0.0027046211221838233,
    "mask_mean_std": 0.0012013572452057358,
    "inference_time_ms": 0.7442567092180252,
    "fps": 1343.6224190046992,
    "gpu_memory_mb": 133.1708984375,
    "gpu_memory_reserved_mb": 212.0,
    "params": 1082916,
    "per_type": {
      "block": {
        "psnr_mean": 30.889918147919488,
        "psnr_std": 8.674613716285766,
        "ssim_mean": 0.9516337609291077,
        "ssim_std": 0.02424356274701875,
        "l1_loss_mean": 0.006923439787933603,
        "l1_loss_std": 0.005169934651969486,
        "lpips_approx_mean": 0.006643625755871957,
        "lpips_approx_std": 0.005238819063187013,
        "l1_improvement_pct_mean": 67.61366862290697,
        "l1_improvement_pct_std": 25.902568708407237,
        "iou_mean": 0.0,
        "iou_std": 0.0,
        "mask_contrast_ratio_mean": 329290.05224366044,
        "mask_contrast_ratio_std": 335378.8112817346,
        "mask_mean_mean": 0.01081475163164896,
        "mask_mean_std": 0.004802052015787515
      },
      "blur": {
        "psnr_mean": 39.762249393816845,
        "psnr_std": 10.036986180876777,
        "ssim_mean": 0.9083061981201171,
        "ssim_std": 0.08306980206556978,
        "l1_loss_mean": 0.007436163652164396,
        "l1_loss_std": 0.006570480715106318,
        "lpips_approx_mean": 0.004138284651004747,
        "lpips_approx_std": 0.0036283231294954366,
        "l1_improvement_pct_mean": -0.0006835256577387118,
        "l1_improvement_pct_std": 0.0016659334607319722,
        "iou_mean": 0.0,
        "iou_std": 0.0,
        "mask_contrast_ratio_mean": 0.6304933248614687,
        "mask_contrast_ratio_std": 1.2883484769828886,
        "mask_mean_mean": 1.1958897334807261e-06,
        "mask_mean_std": 1.1284250427451458e-06
      },
      "jpeg": {
        "psnr_mean": 35.50582496222995,
        "psnr_std": 5.957272961215484,
        "ssim_mean": 0.8714124727249145,
        "ssim_std": 0.10618772856715818,
        "l1_loss_mean": 0.011132667236961425,
        "l1_loss_std": 0.008437890640166123,
        "lpips_approx_mean": 0.007398776078286271,
        "lpips_approx_std": 0.004558124625799904,
        "l1_improvement_pct_mean": -0.00014561691842214297,
        "l1_improvement_pct_std": 0.0002680371207172734,
        "iou_mean": 0.0,
        "iou_std": 0.0,
        "mask_contrast_ratio_mean": 1.3272707971438624,
        "mask_contrast_ratio_std": 2.618241378339339,
        "mask_mean_mean": 1.2068864236880472e-06,
        "mask_mean_std": 1.131401671043057e-06
      },
      "noise": {
        "psnr_mean": 16.077427603277048,
        "psnr_std": 0.4226093883968289,
        "ssim_mean": 0.28794416546821594,
        "ssim_std": 0.08563643687662142,
        "l1_loss_mean": 0.09427210986614228,
        "l1_loss_std": 0.01068576558856094,
        "lpips_approx_mean": 0.061806590929627425,
        "lpips_approx_std": 0.0013896547924786547,
        "l1_improvement_pct_mean": -3.759210160349143e-06,
        "l1_improvement_pct_std": 8.571538687225945e-06,
        "iou_mean": 0.0,
        "iou_std": 0.0,
        "mask_mean_mean": 1.3300809291649785e-06,
        "mask_mean_std": 1.117138321639679e-06
      }
    }
  },
  "mild_sparse": {
    "psnr_mean": 30.547108345810926,
    "psnr_std": 6.256251588121134,
    "ssim_mean": 0.7547400006651879,
    "ssim_std": 0.07479638131914851,
    "l1_loss_mean": 0.029943417567774307,
    "l1_loss_std": 0.007714916243782181,
    "lpips_approx_mean": 0.019995279542733137,
    "lpips_approx_std": 0.0036993820717293726,
    "l1_improvement_pct_mean": 16.891975746243403,
    "l1_improvement_pct_std": 6.472301591752618,
    "iou_mean": 0.0,
    "iou_std": 0.0,
    "mask_mean_mean": 0.0021359529505511434,
    "mask_mean_std": 0.0010135921239967152,
    "mask_contrast_ratio_mean": 789428.2179270593,
    "mask_contrast_ratio_std": 1091936.4076988804,
    "inference_time_ms": 0.5983057385683059,
    "fps": 1671.3862755067564,
    "gpu_memory_mb": 133.3896484375,
    "gpu_memory_reserved_mb": 192.0,
    "params": 1082916,
    "per_type": {
      "block": {
        "psnr_mean": 30.84293227820024,
        "psnr_std": 8.60813984004257,
        "ssim_mean": 0.9512971687316895,
        "ssim_std": 0.02429156496442686,
        "l1_loss_mean": 0.006932752873981371,
        "l1_loss_std": 0.005165528082972649,
        "lpips_approx_mean": 0.00663748792023398,
        "lpips_approx_std": 0.005221424215227033,
        "l1_improvement_pct_mean": 67.56793130081667,
        "l1_improvement_pct_std": 25.88909512413651,
        "iou_mean": 0.0,
        "iou_std": 0.0,
        "mask_mean_mean": 0.008543804567689989,
        "mask_mean_std": 0.0040543499495609885,
        "mask_contrast_ratio_mean": 2368282.235498047,
        "mask_contrast_ratio_std": 3275806.904307759
      },
      "blur": {
        "psnr_mean": 39.762249594064016,
        "psnr_std": 10.036986675682318,
        "ssim_mean": 0.908306188583374,
        "ssim_std": 0.08306978737962156,
        "l1_loss_mean": 0.007436152396549005,
        "l1_loss_std": 0.006570481635841024,
        "lpips_approx_mean": 0.0041382738738320775,
        "lpips_approx_std": 0.0036283241334281904,
        "l1_improvement_pct_mean": -2.3699879479110593e-05,
        "l1_improvement_pct_std": 9.616792636761032e-05,
        "iou_mean": 0.0,
        "iou_std": 0.0,
        "mask_mean_mean": 2.743975068183663e-09,
        "mask_mean_std": 7.374585944874196e-09,
        "mask_contrast_ratio_mean": 0.009860783709655152,
        "mask_contrast_ratio_std": 0.013943426162793609
      },
      "jpeg": {
        "psnr_mean": 35.505823831649316,
        "psnr_std": 5.957270474047233,
        "ssim_mean": 0.8714124774932861,
        "ssim_std": 0.10618773839532872,
        "l1_loss_mean": 0.01113265841268003,
        "l1_loss_std": 0.00843789024095399,
        "lpips_approx_mean": 0.007398766440649828,
        "lpips_approx_std": 0.004558124555291728,
        "l1_improvement_pct_mean": -4.318284365632379e-06,
        "l1_improvement_pct_std": 1.3616623282750075e-05,
        "iou_mean": 0.0,
        "iou_std": 0.0,
        "mask_mean_mean": 2.852192036863793e-09,
        "mask_mean_std": 7.496993152409616e-09,
        "mask_contrast_ratio_mean": 2.4084223471581936,
        "mask_contrast_ratio_std": 2.304845456033945
      },
      "noise": {
        "psnr_mean": 16.077427679330125,
        "psnr_std": 0.4226093627124094,
        "ssim_mean": 0.28794416785240173,
        "ssim_std": 0.08563643453721687,
        "l1_loss_mean": 0.09427210658788682,
        "l1_loss_std": 0.010685765015361061,
        "lpips_approx_mean": 0.06180658993621667,
        "lpips_approx_std": 0.0013896553829705386,
        "l1_improvement_pct_mean": -2.976792036247801e-07,
        "l1_improvement_pct_std": 1.4583243118375278e-06,
        "iou_mean": 0.0,
        "iou_std": 0.0,
        "mask_mean_mean": 1.6383474806092144e-09,
        "mask_mean_std": 3.6748467755006413e-09
      }
    }
  },
  "strong_sparse": {
    "psnr_mean": 30.50732578311846,
    "psnr_std": 6.181914890171427,
    "ssim_mean": 0.7545921942591667,
    "ssim_std": 0.07467525396947669,
    "l1_loss_mean": 0.029939424388649057,
    "l1_loss_std": 0.007702374090191585,
    "lpips_approx_mean": 0.01999512237550031,
    "lpips_approx_std": 0.003689492598929576,
    "l1_improvement_pct_mean": 16.92212021033099,
    "l1_improvement_pct_std": 6.408847883496185,
    "iou_mean": 0.0,