{
  "epoch": [
    0,
    1,
    2,
    3,
    4,
    5,
    6,
    7,
    8,
    9,
    10,
    11,
    12,
    13,
    14,
    15,
    16,
    17,
    18,
    19,
    20,
    21,
    22,
    23,
    24,
    25,
    26,
    27,
    28,
    29,
    30,
    31,
    32,
    33,
    34,
    35,
    36,
    37,
    38,
    39,
    40,
    41,
    42,
    43,
    44,
    45,
    46,
    47,
    48,
    49,
    50,
    51,
    52,
    53,
    54,
    55,
    56,
    57,
    58,
    59,
    60,
    61,
    62,
    63,
    64,
    65,
    66,
    67,
    68,
    69,
    70,
    71,
    72,
    73,
    74,
    75,
    76,
    77,
    78,
    79
  ],
  "seed": 456,
  "train_loss": [
    0.06430883810389787,
    0.06166521506384015,
    0.06268281524535269,
    0.06388652406167239,
    0.06524656200781465,
    0.06570107687730342,
    0.06550007115583867,
    0.060330435750074685,
    0.06043035816401243,
    0.06048643367830664,
    0.06063937931321561,
    0.0602426677942276,
    0.06030587269924581,
    0.06029866659082472,
    0.06021595397032797,
    0.06023195723537356,
    0.060517806676216424,
    0.060280860285274684,
    0.06030959635972977,
    0.06037629337515682,
    0.05997519858647138,
    0.06066058774013072,
    0.060278460616245866,
    0.06000431813299656,
    0.06068272003903985,
    0.060164215858094394,
    0.06054160464555025,
    0.060461073415353894,
    0.06053151469677687,
    0.06046935683116317,
    0.060562240541912615,
    0.06021813314873725,
    0.060107063269242644,
    0.06019859202206135,
    0.06063613388687372,
    0.060282243648543954,
    0.0606100270524621,
    0.06038402742706239,
    0.06057869072537869,
    0.060178865445777774,
    0.060311548761092126,
    0.06049006851390004,
    0.06040020566433668,
    0.060222336440347135,
    0.060487231821753085,
    0.060107583296485245,
    0.06058212055359036,
    0.060246599023230374,
    0.060095047228969634,
    0.06060857302509248,
    0.05995437712408602,
    0.06030640110839158,
    0.0604860947933048,
    0.060156596126034856,
    0.06047982187010348,
    0.06031772878486663,
    0.06042973592411727,
    0.060469648567959666,
    0.060028255451470613,
    0.060349670238792896,
    0.06013135379180312,
    0.06049783225171268,
    0.06035641534253955,
    0.060419922694563866,
    0.05994302988983691,
    0.06058870814740658,
    0.060594176524318755,
    0.060660989372991025,
    0.06088200549129397,
    0.06050068768672645,
    0.06004894676152617,
    0.06045707094017416,
    0.060279165976680815,
    0.06038188096135855,
    0.06048475776333362,
    0.060611386550590396,
    0.060052595334127545,
    0.06030038243625313,
    0.06078905065078288,
    0.060510727926157415
  ],
  "train_l1": [
    0.06430883810389787,
    0.060440269066020846,
    0.06026918604038656,
    0.06036482658237219,
    0.06075004697777331,
    0.06044780556112528,
    0.06022651074454188,
    0.06025562575086951,
    0.06043035816401243,
    0.06048643367830664,
    0.06063937931321561,
    0.0602426677942276,
    0.06030587269924581,
    0.06029866659082472,
    0.06021595397032797,
    0.06023195723537356,
    0.060517806676216424,
    0.060280860285274684,
    0.06030959635972977,
    0.06037629337515682,
    0.05997519858647138,
    0.06066058774013072,
    0.060278460616245866,
    0.06000431813299656,
    0.06068272003903985,
    0.060164215858094394,
    0.06054160464555025,
    0.060461073415353894,
    0.06053151469677687,
    0.06046935683116317,
    0.060562240541912615,
    0.06021813314873725,
    0.060107063269242644,
    0.06019859202206135,
    0.06063613388687372,
    0.060282243648543954,
    0.0606100270524621,
    0.06038402742706239,
    0.06057869072537869,
    0.060178865445777774,
    0.060311548761092126,
    0.06049006851390004,
    0.06040020566433668,
    0.060222336440347135,
    0.060487231821753085,
    0.060107583296485245,
    0.06058212055359036,
    0.060246599023230374,
    0.060095047228969634,
    0.06060857302509248,
    0.05995437712408602,
    0.06030640110839158,
    0.0604860947933048,
    0.060156596126034856,
    0.06047982187010348,
    0.06031772878486663,
    0.06042973592411727,
    0.060469648567959666,
    0.060028255451470613,
    0.060349670238792896,
    0.06013135379180312,
    0.06049783225171268,
    0.06035641534253955,
    0.060419922694563866,
    0.05994302988983691,
    0.06058870814740658,
    0.060594176524318755,
    0.060660989372991025,
    0.06088200549129397,
    0.06050068768672645,
    0.06004894676152617,
    0.06045707094017416,
    0.060279165976680815,
    0.06038188096135855,
    0.06048475776333362,
    0.060611386550590396,
    0.060052595334127545,
    0.06030038243625313,
    0.06078905065078288,
    0.060510727926157415
  ],
  "val_psnr": [
    12.304814211699423,
    12.305070377312216,
    12.304997610866561,
    12.305874099990698,
    12.304891099093119,
    12.305100096352266,
    12.306330320418027,
    12.305543893228409,
    12.305543893228409,
    12.305543893228409,
    12.305543893228409,
    12.305543893228409,
    12.305543893228409,
    12.305543893228409,
    12.305543893228409,
    12.305543893228409,
    12.305543893228409,
    12.305543893228409,
    12.305543893228409,
    12.305543893228409,
    12.305543893228409,
    12.305543893228409,
    12.305543893228409,
    12.305543893228409,
    12.305543893228409,
    12.305543893228409,
    12.305543893228409,
    12.305543893228409,
    12.305543893228409,
    12.305543893228409,
    12.305543893228409,
    12.305543893228409,
    12.305543893228409,
    12.305543893228409,
    12.305543893228409,
    12.305543893228409,
    12.305543893228409,
    12.305543893228409,
    12.305543893228409,
    12.305543893228409,
    12.305543893228409,
    12.305543893228409,
    12.305543893228409,
    12.305543893228409,
    12.305543893228409,
    12.305543893228409,
    12.305543893228409,
    12.305543893228409,
    12.305543893228409,
    12.305543893228409,
    12.305543893228409,
    12.305543893228409,
    12.305543893228409,
    12.305543893228409,
    12.305543893228409,
    12.305543893228409,
    12.305543893228409,
    12.305543893228409,
    12.305543893228409,
    12.305543893228409,
    12.305543893228409,
    12.305543893228409,
    12.305543893228409,
    12.305543893228409,
    12.305543893228409,
    12.305543893228409,
    12.305543893228409,
    12.305543893228409,
    12.305543893228409,
    12.305543893228409,
    12.305543893228409,
    12.305543893228409,
    12.305543893228409,
    12.305543893228409,
    12.305543893228409,
    12.305543893228409,
    12.305543893228409,
    12.305543893228409,
    12.305543893228409,
    12.305543893228409
  ],