{
  "epoch": [
    0,
    1,
    2,
    3,
    4,
    5,
    6,
    7,
    8,
    9,
    10,
    11,
    12,
    13,
    14,
    15,
    16,
    17,
    18,
    19,
    20,
    21,
    22,
    23,
    24,
    25,
    26,
    27,
    28,
    29,
    30,
    31,
    32,
    33,
    34,
    35,
    36,
    37,
    38,
    39,
    40,
    41,
    42,
    43,
    44,
    45,
    46,
    47,
    48,
    49,
    50,
    51,
    52,
    53,
    54,
    55,
    56,
    57,
    58,
    59,
    60,
    61,
    62,
    63,
    64,
    65,
    66,
    67,
    68,
    69,
    70,
    71,
    72,
    73,
    74,
    75,
    76,
    77,
    78,
    79,
    80,
    81,
    82,
    83,
    84,
    85,
    86,
    87,
    88,
    89,
    90,
    91,
    92,
    93,
    94,
    95,
    96,
    97,
    98,
    99
  ],
  "train_loss": [
    0.01275880802422762,
    0.009920946825295686,
    0.00843325729481876,
    0.008498158822767436,
    0.007035747724585235,
    0.0046976444777101275,
    0.004560699474532157,
    0.004610726768150926,
    0.005801842208020389,
    0.004441484143026173,
    0.00477362988574896,
    0.004557192488573491,
    0.004364009879063815,
    0.004046892136102542,
    0.00401081913150847,
    0.004163954649120569,
    0.004009092580527067,
    0.0038829562242608516,
    0.004206245397217572,
    0.0038899928238242867,
    0.003930935838725418,
    0.0040239467518404124,
    0.0039949245261959735,
    0.003856676663272083,
    0.004197215555468575,
    0.004081549198599532,
    0.003936086827889085,
    0.003924453884828836,
    0.004043855224736035,
    0.004124054377898574,
    0.004149005995132029,
    0.004250850181560964,
    0.00398104888969101,
    0.00392113414593041,
    0.0038901942223310473,
    0.004084978778846562,
    0.003913638710509986,
    0.00389136754674837,
    0.0039225078315939755,
    0.004001454871613532,
    0.003983475950080901,
    0.003915490345098078,
    0.003848657828057185,
    0.003908696824219078,
    0.003937978353351354,
    0.003910288288025186,
    0.00389285261859186,
    0.0038316137390211223,
    0.003805082894396037,
    0.0038392144686076792,
    0.0037830395787023007,
    0.0037733518797904253,
    0.0037905331468209625,
    0.0037326856923755257,
    0.003701173032168299,
    0.0038342152792029084,
    0.00383630488300696,
    0.0036492477101273835,
    0.003752979020355269,
    0.0037174689141102136,
    0.003633931298973039,
    0.0036253539531026033,
    0.003559255882864818,
    0.0035909369052387775,
    0.0035512388893403114,
    0.0036278146342374386,
    0.0035378526884596796,
    0.003536396385752596,
    0.003514250803273171,
    0.0034750170831102877,
    0.0034695784514769913,
    0.0034222515416331587,
    0.0034155193524202333,
    0.003410831392975524,
    0.0034222170314751566,
    0.003375942425336689,
    0.0033629439200740306,
    0.0033403952640946952,
    0.003363693573046476,
    0.0033314721728675066,
    0.0033344548544846477,
    0.003322148156585172,
    0.0033266856451518835,
    0.0033047549123875796,
    0.0033313419600017368,
    0.0032913251616992056,
    0.0032846683624666185,
    0.0032789570663589985,
    0.003277272233972326,
    0.0032689026184380054,
    0.0032666479982435704,
    0.0032680274755693974,
    0.003263326685409993,
    0.0032595330313779413,
    0.0032569167704787107,
    0.0032567338715307416,
    0.0032539314369205386,
    0.0032536590634845196,
    0.003252490368904546,
    0.0032522816729033364
  ],
  "mask_mean": [
    0.4732495284080505,
    0.45924454629421235,
    0.4338228929042816,
    0.38589158952236174,
    0.18793064115365268,
    0.004685293601871763,
    0.004610854215102335,
    0.003967937659408563,
    0.0036734809226417297,
    0.004964740769988794,
    0.004145383737551888,
    0.005161851609024177,
    0.004430102021704272,
    0.0046498014153505095,
    0.004641202452826007,
    0.004372358904436423,
    0.004647926871059269,
    0.004425513736356881,
    0.004353137129641215,
    0.004637881952154648,
    0.0045047414689302,
    0.004456620971954313,
    0.004410332909657306,
    0.00457759147374734,
    0.004492285064171628,
    0.004161940889104768,
    0.004369507260275036,
    0.004297252643773204,
    0.004409065909949517,
    0.004527689220083293,
    0.004238607514146133,
    0.004273870340903586,
    0.0043276543266446395,
    0.0042774170495324644,
    0.004368847444129317,
    0.004426017214516844,
    0.004334308642818153,
    0.004459181035219821,
    0.00453535952820972,
    0.004277714741556934,
    0.0044032704209355285,
    0.004500110123267078,
    0.0045410661508018405,
    0.00440046892304486,
    0.004509795024914875,
    0.004686121237298782,
    0.004426803351919992,
    0.0046880921329855154,
    0.004577611276737099,
    0.004475882207173171,
    0.00451311219469303,
    0.004634087986809163,
    0.004657789892574478,
    0.004590528393344684,
    0.005107235259010066,
    0.004580292429717557,
    0.0047266838872645775,
    0.004597427079249264,
    0.0048750284679078245,
    0.004838833687119371,
    0.004721385755649763,
    0.004953911169483334,
    0.004768253865220569,
    0.004797948746683573,
    0.0048319363334636024,
    0.00471016770353458,
    0.0048006244581589395,
    0.004845235174191051,
    0.0049277287353122114,
    0.004936264693105841,
    0.004983823814814343,
    0.00486609348270008,
    0.00496394289766613,
    0.004896170632564463,
    0.004929336002151459,
    0.004920025644805719,
    0.004944303968648001,
    0.004930093725488405,
    0.0048735728099563854,
    0.004944939048081381,
    0.004936720199398365,
    0.004906015268313695,
    0.004915543308262613,
    0.0049192401534673994,
    0.004871780674743604,
    0.004966432175315276,
    0.004875356111396698,
    0.004898584949714859,
    0.004878944889703689,
    0.004884211731335881,
    0.004887782665182385,
    0.004882318101898804,
    0.004858974724211294,
    0.004896666984628837,
    0.004867432054597884,
    0.004871690810932705,
    0.0048704062346803315,
    0.004861556149480748,
    0.004864273658649268,
    0.004865647209883263
  ]
}