{
  "epoch": [
    0,
    1,
    2,
    3,
    4,
    5,
    6,
    7,
    8,
    9,
    10,
    11,
    12,
    13,
    14,
    15,
    16,
    17,
    18,
    19,
    20,
    21,
    22,
    23,
    24,
    25,
    26,
    27,
    28,
    29,
    30,
    31,
    32,
    33,
    34,
    35,
    36,
    37,
    38,
    39,
    40,
    41,
    42,
    43,
    44,
    45,
    46,
    47,
    48,
    49,
    50,
    51,
    52,
    53,
    54,
    55,
    56,
    57,
    58,
    59,
    60,
    61,
    62,
    63,
    64,
    65,
    66,
    67,
    68,
    69,
    70,
    71,
    72,
    73,
    74,
    75,
    76,
    77,
    78,
    79
  ],
  "seed": 123,
  "train_loss": [
    0.06442611769307405,
    0.06227296439465135,
    0.0632991527672857,
    0.06455788225866854,
    0.06541736400686204,
    0.06587190250866115,
    0.06603804917540401,
    0.06100982544012368,
    0.06066555914003402,
    0.060697988606989384,
    0.061074565863236785,
    0.06076871487312019,
    0.060375583125278354,
    0.06078015430830419,
    0.06064036372117698,
    0.06098561082035303,
    0.06061625306028873,
    0.060408568126149476,
    0.060768830589950085,
    0.06094482389744371,
    0.06077001115772873,
    0.06095280754379928,
    0.060756632941775024,
    0.061076501151546836,
    0.06065039138775319,
    0.0605202098377049,
    0.060380366165190935,
    0.06083671690430492,
    0.06040072499308735,
    0.060826384695246816,
    0.06054892542306334,
    0.060453290469013155,
    0.06066262233071029,
    0.06044270389247686,
    0.060645132791250944,
    0.0605708189541474,
    0.06060543702915311,
    0.0606126100756228,
    0.06088095367886126,
    0.06051552074495703,
    0.06067802105098963,
    0.06079280097037554,
    0.060573069960810244,
    0.06083045934792608,
    0.06079987506382167,
    0.060706844669766724,
    0.060436379397287965,
    0.06063533900305629,
    0.06065602111630142,
    0.06036563857924193,
    0.06069406517781317,
    0.060446319985203445,
    0.06037970492616296,
    0.06092906405683607,
    0.06045004667248577,
    0.06061572709586471,
    0.06074656138662249,
    0.06063219835050404,
    0.06045670178718865,
    0.06112484447658062,
    0.060387273668311536,
    0.0606742927338928,
    0.060483212233521044,
    0.060346305603161454,
    0.06073272577486932,
    0.06082061631605029,
    0.06064658774994314,
    0.06042216147761792,
    0.06058297399431467,
    0.060443235910497606,
    0.060935648274607956,
    0.06070478935725987,
    0.06066423200536519,
    0.060468135168775916,
    0.060133340302854776,
    0.060634965426288545,
    0.060603920137509704,
    0.06066642189398408,
    0.06060469918884337,
    0.06078325095586479
  ],
  "train_l1": [
    0.06442611769307405,
    0.06104674702510238,
    0.06089254992548376,
    0.061071672243997455,
    0.06101559870876372,
    0.06082819926086813,
    0.061100456048734486,
    0.06077771377749741,
    0.06066555914003402,
    0.060697988606989384,
    0.061074565863236785,
    0.06076871487312019,
    0.060375583125278354,
    0.06078015430830419,
    0.06064036372117698,
    0.06098561082035303,
    0.06061625306028873,
    0.060408568126149476,
    0.060768830589950085,
    0.06094482389744371,
    0.06077001115772873,
    0.06095280754379928,
    0.060756632941775024,
    0.061076501151546836,
    0.06065039138775319,
    0.0605202098377049,
    0.060380366165190935,
    0.06083671690430492,
    0.06040072499308735,
    0.060826384695246816,
    0.06054892542306334,
    0.060453290469013155,
    0.06066262233071029,
    0.06044270389247686,
    0.060645132791250944,
    0.0605708189541474,
    0.06060543702915311,
    0.0606126100756228,
    0.06088095367886126,
    0.06051552074495703,
    0.06067802105098963,
    0.06079280097037554,
    0.060573069960810244,
    0.06083045934792608,
    0.06079987506382167,
    0.060706844669766724,
    0.060436379397287965,
    0.06063533900305629,
    0.06065602111630142,
    0.06036563857924193,
    0.06069406517781317,
    0.060446319985203445,
    0.06037970492616296,
    0.06092906405683607,
    0.06045004667248577,
    0.06061572709586471,
    0.06074656138662249,
    0.06063219835050404,
    0.06045670178718865,
    0.06112484447658062,
    0.060387273668311536,
    0.0606742927338928,
    0.060483212233521044,
    0.060346305603161454,
    0.06073272577486932,
    0.06082061631605029,
    0.06064658774994314,
    0.06042216147761792,
    0.06058297399431467,
    0.060443235910497606,
    0.060935648274607956,
    0.06070478935725987,
    0.06066423200536519,
    0.060468135168775916,
    0.060133340302854776,
    0.060634965426288545,
    0.060603920137509704,
    0.06066642189398408,
    0.06060469918884337,
    0.06078325095586479
  ],
  "val_psnr": [
    12.800628504637531,
    12.800583965761131,
    12.80003550725691,
    12.800048881888829,
    12.800793619746505,
    12.800459185994102,
    12.799886252011442,
    12.800464948214977,
    12.800464948214977,
    12.800464948214977,
    12.800464948214977,
    12.800464948214977,
    12.800464948214977,
    12.800464948214977,
    12.800464948214977,
    12.800464948214977,
    12.800464948214977,
    12.800464948214977,
    12.800464948214977,
    12.800464948214977,
    12.800464948214977,
    12.800464948214977,
    12.800464948214977,
    12.800464948214977,
    12.800464948214977,
    12.800464948214977,
    12.800464948214977,
    12.800464948214977,
    12.800464948214977,
    12.800464948214977,
    12.800464948214977,
    12.800464948214977,
    12.800464948214977,
    12.800464948214977,
    12.800464948214977,
    12.800464948214977,
    12.800464948214977,
    12.800464948214977,
    12.800464948214977,
    12.800464948214977,
    12.800464948214977,
    12.800464948214977,
    12.800464948214977,
    12.800464948214977,
    12.800464948214977,
    12.800464948214977,
    12.800464948214977,
    12.800464948214977,
    12.800464948214977,
    12.800464948214977,
    12.800464948214977,
    12.800464948214977,
    12.800464948214977,
    12.800464948214977,
    12.800464948214977,
    12.800464948214977,
    12.800464948214977,
    12.800464948214977,
    12.800464948214977,
    12.800464948214977,
    12.800464948214977,
    12.800464948214977,
    12.800464948214977,
    12.800464948214977,
    12.800464948214977,
    12.800464948214977,
    12.800464948214977,
    12.800464948214977,
    12.800464948214977,
    12.800464948214977,
    12.800464948214977,
    12.800464948214977,
    12.800464948214977,
    12.800464948214977,
    12.800464948214977,
    12.800464948214977,
    12.800464948214977,
    12.800464948214977,
    12.800464948214977,
    12.800464948214977
  ],