{
  "epoch": [
    0,
    1,
    2,
    3,
    4,
    5,
    6,
    7,
    8,
    9,
    10,
    11,
    12,
    13,
    14,
    15,
    16,
    17,
    18,
    19,
    20,
    21,
    22,
    23,
    24,
    25,
    26,
    27,
    28,
    29,
    30,
    31,
    32,
    33,
    34,
    35,
    36,
    37,
    38,
    39,
    40,
    41,
    42,
    43,
    44,
    45,
    46,
    47,
    48,
    49,
    50,
    51,
    52,
    53,
    54,
    55,
    56,
    57,
    58,
    59,
    60,
    61,
    62,
    63,
    64,
    65,
    66,
    67,
    68,
    69,
    70,
    71,
    72,
    73,
    74,
    75,
    76,
    77,
    78,
    79
  ],
  "lambda_sparse": [
    0.0,
    0.0025000000000000005,
    0.005000000000000001,
    0.0075,
    0.010000000000000002,
    0.0125,
    0.015,
    0.017499999999999998,
    0.020000000000000004,
    0.022500000000000003,
    0.025,
    0.027500000000000004,
    0.03,
    0.0325,
    0.034999999999999996,
    0.037500000000000006,
    0.04000000000000001,
    0.0425,
    0.045000000000000005,
    0.0475,
    0.05,
    0.052500000000000005,
    0.05500000000000001,
    0.057499999999999996,
    0.06,
    0.0625,
    0.065,
    0.0675,
    0.06999999999999999,
    0.0725,
    0.07500000000000001,
    0.07750000000000001,
    0.08000000000000002,
    0.0825,
    0.085,
    0.08750000000000001,
    0.09000000000000001,
    0.09250000000000001,
    0.095,
    0.0975,
    0.1,
    0.1,
    0.1,
    0.1,
    0.1,
    0.1,
    0.1,
    0.1,
    0.1,
    0.1,
    0.1,
    0.1,
    0.1,
    0.1,
    0.1,
    0.1,
    0.1,
    0.1,
    0.1,
    0.1,
    0.1,
    0.1,
    0.1,
    0.1,
    0.1,
    0.1,
    0.1,
    0.1,
    0.1,
    0.1,
    0.1,
    0.1,
    0.1,
    0.1,
    0.1,
    0.1,
    0.1,
    0.1,
    0.1,
    0.1
  ],
  "train_loss": [
    0.001930501974420622,
    0.002392358332872391,
    0.0030476969294250013,
    0.0020463459769962354,
    0.0009685066115343944,
    0.0009685066167730838,
    0.0009685066138627007,
    0.0009685066132806241,
    0.0009685066167730838,
    0.0009685066156089306,
    0.0009685066161910072,
    0.0009685066191013902,
    0.0009685066103702411,
    0.0009685066156089306,
    0.0009685066173551604,
    0.0009685066167730838,
    0.0009685066185193136,
    0.0009685066138627007,
    0.0009685066138627007,
    0.000968506617937237,
    0.0009685066237580031,
    0.0009685066022211686,
    0.000968506612116471,
    0.0009685066167730838,
    0.0009685066161910072,
    0.0009685066062957049,
    0.0009685066156089306,
    0.0009685066167730838,
    0.0009685066126985476,
    0.0009685066126985476,
    0.0009685066161910072,
    0.0009685066150268539,
    0.0009685066132806241,
    0.0009685066173551604,
    0.0009685066126985476,
    0.0009685066202655434,
    0.0009685066220117733,
    0.0009685066132806241,
    0.0009685066185193136,
    0.0009685066132806241,
    0.0009685066237580031,
    0.0009685066144447773,
    0.0009685066150268539,
    0.0009685066080419347,
    0.0009685066161910072,
    0.0009685066156089306,
    0.0009685066103702411,
    0.0009685066191013902,
    0.0009685066138627007,
    0.0009685066138627007,
    0.0009685066097881645,
    0.0009685066126985476,
    0.0009685066214296967,
    0.0009685066196834668,
    0.0009685066126985476,
    0.0009685066225938499,
    0.0009685066132806241,
    0.0009685066202655434,
    0.0009685066144447773,
    0.0009685066167730838,
    0.0009685066080419347,
    0.0009685066185193136,
    0.0009685066080419347,
    0.0009685066161910072,
    0.000968506617937237,
    0.0009685066161910072,
    0.0009685066132806241,
    0.0009685066097881645,
    0.0009685066191013902,
    0.0009685066243400797,
    0.0009685066156089306,
    0.0009685066132806241,
    0.0009685066150268539,
    0.0009685066214296967,
    0.0009685066191013902,
    0.0009685066214296967,
    0.0009685066193924286,
    0.0009685066156089306,
    0.0009685066260863096,
    0.0009685066156089306
  ],
  "train_l1": [
    0.001930501974420622,
    0.0012832502933451907,
    0.0012397201085695996,
    0.0010681949008721858,
    0.0009685066115343944,
    0.0009685066167730838,
    0.0009685066138627007,
    0.0009685066132806241,
    0.0009685066167730838,
    0.0009685066156089306,
    0.0009685066161910072,
    0.0009685066191013902,
    0.0009685066103702411,
    0.0009685066156089306,
    0.0009685066173551604,
    0.0009685066167730838,
    0.0009685066185193136,
    0.0009685066138627007,
    0.0009685066138627007,
    0.000968506617937237,
    0.0009685066237580031,
    0.0009685066022211686,
    0.000968506612116471,
    0.0009685066167730838,
    0.0009685066161910072,
    0.0009685066062957049,
    0.0009685066156089306,
    0.0009685066167730838,
    0.0009685066126985476,
    0.0009685066126985476,
    0.0009685066161910072,
    0.0009685066150268539,
    0.0009685066132806241,
    0.0009685066173551604,
    0.0009685066126985476,
    0.0009685066202655434,
    0.0009685066220117733,
    0.0009685066132806241,
    0.0009685066185193136,
    0.0009685066132806241,
    0.0009685066237580031,
    0.0009685066144447773,
    0.0009685066150268539,
    0.0009685066080419347,
    0.0009685066161910072,
    0.0009685066156089306,
    0.0009685066103702411,
    0.0009685066191013902,
    0.0009685066138627007,
    0.0009685066138627007,
    0.0009685066097881645,
    0.0009685066126985476,
    0.0009685066214296967,
    0.0009685066196834668,
    0.0009685066126985476,
    0.0009685066225938499,
    0.0009685066132806241,
    0.0009685066202655434,
    0.0009685066144447773,
    0.0009685066167730838,
    0.0009685066080419347,
    0.0009685066185193136,
    0.0009685066080419347,
    0.0009685066161910072,
    0.000968506617937237,
    0.0009685066161910072,
    0.0009685066132806241,
    0.0009685066097881645,
    0.0009685066191013902,
    0.0009685066243400797,
    0.0009685066156089306,
    0.0009685066132806241,
    0.0009685066150268539,
    0.0009685066214296967,
    0.0009685066191013902,
    0.0009685066214296967,
    0.0009685066193924286,
    0.0009685066156089306,
    0.0009685066260863096,
    0.0009685066156089306
  ],