{
  "epoch": [
    0,
    1,
    2,
    3,
    4,
    5,
    6,
    7,
    8,
    9,
    10,
    11,
    12,
    13,
    14,
    15,
    16,
    17,
    18,
    19,
    20,
    21,
    22,
    23,
    24,
    25,
    26,
    27,
    28,
    29,
    30,
    31,
    32,
    33,
    34,
    35,
    36,
    37,
    38,
    39,
    40,
    41,
    42,
    43,
    44,
    45,
    46,
    47,
    48,
    49,
    50,
    51,
    52,
    53,
    54,
    55,
    56,
    57,
    58,
    59,
    60,
    61,
    62,
    63,
    64,
    65,
    66,
    67,
    68,
    69,
    70,
    71,
    72,
    73,
    74,
    75,
    76,
    77,
    78,
    79
  ],
  "lambda_sparse": [
    0.0,
    0.00075,
    0.0015,
    0.00225,
    0.003,
    0.00375,
    0.0045,
    0.0052499999999999995,
    0.006,
    0.00675,
    0.0075,
    0.00825,
    0.009,
    0.00975,
    0.010499999999999999,
    0.01125,
    0.012,
    0.01275,
    0.0135,
    0.014249999999999999,
    0.015,
    0.01575,
    0.0165,
    0.017249999999999998,
    0.018,
    0.01875,
    0.0195,
    0.02025,
    0.020999999999999998,
    0.02175,
    0.0225,
    0.02325,
    0.024,
    0.024749999999999998,
    0.0255,
    0.02625,
    0.027,
    0.02775,
    0.028499999999999998,
    0.029249999999999998,
    0.03,
    0.03,
    0.03,
    0.03,
    0.03,
    0.03,
    0.03,
    0.03,
    0.03,
    0.03,
    0.03,
    0.03,
    0.03,
    0.03,
    0.03,
    0.03,
    0.03,
    0.03,
    0.03,
    0.03,
    0.03,
    0.03,
    0.03,
    0.03,
    0.03,
    0.03,
    0.03,
    0.03,
    0.03,
    0.03,
    0.03,
    0.03,
    0.03,
    0.03,
    0.03,
    0.03,
    0.03,
    0.03,
    0.03,
    0.03
  ],
  "train_loss": [
    0.024582091186727797,
    0.023894784232926746,
    0.019372749083217174,
    0.011232537180480976,
    0.008658187256919013,
    0.007818789398741154,
    0.007706805671905241,
    0.007665196677581186,
    0.007674743731816609,
    0.007634223675325749,
    0.007670776696786994,
    0.007645454823172518,
    0.007634647619274873,
    0.007603657853213095,
    0.00768830007799561,
    0.007741307248435323,
    0.007607210431218384,
    0.0075925788361697446,
    0.007680621622721591,
    0.007581329398182413,
    0.0076369367288573395,
    0.0075919741897710735,
    0.007637490651437214,
    0.007564708235717955,
    0.007652584707275743,
    0.00758139556273818,
    0.0075481863441093575,
    0.0075892771904667216,
    0.007579025028953476,
    0.007568140133535342,
    0.0076085202957666105,
    0.007593508802413467,
    0.007625002583991441,
    0.007598483905432716,
    0.007597772678035119,
    0.007577642621028991,
    0.007666859517080916,
    0.007570377857764325,
    0.007688538378311528,
    0.0076633543330466465,
    0.007601892198657706,
    0.007612194415063612,
    0.007612245194318276,
    0.007729707241413139,
    0.00761464777373014,
    0.007629496507376196,
    0.007619273405344714,
    0.007586212237439458,
    0.0075780182470759705,
    0.007587454052612422,
    0.007609056619306405,
    0.007611062702915025,
    0.007567214742598552,
    0.007548180386601459,
    0.007540834406095129,
    0.00756633565169833,
    0.007599701047948901,
    0.00757961550964013,
    0.007579065822360534,
    0.007600960129546741,
    0.007544760030531694,
    0.007568833455147725,
    0.007551421352203876,
    0.007564519169843859,
    0.007530300549068857,
    0.007556498301998963,
    0.0075557345140074925,
    0.007545839950797104,
    0.007564542985092553,
    0.0075285617883006735,
    0.0075478017559304595,
    0.007549338907535587,
    0.007546362496675953,
    0.007529534964955279,
    0.007536775750359373,
    0.0075490605899147575,
    0.007539358012200821,
    0.007547647707046024,
    0.007549414012048926,
    0.00755169325404697
  ],
  "train_l1": [
    0.024582091186727797,
    0.023534557737764857,
    0.018678421672019694,
    0.010320765069789357,
    0.008286373793250985,
    0.007783876835472054,
    0.007666250986475793,
    0.007617787191910403,
    0.007621050220988099,
    0.007574054748854703,
    0.007605712210375165,
    0.007573202496305818,
    0.0075558339437795064,
    0.00751861578060521,
    0.00759848231627118,
    0.007647123365175156,
    0.007505894653380863,
    0.007484792214300897,
    0.0075702085529291445,
    0.007461496758171254,
    0.007513675069998181,
    0.007460867801296805,
    0.007502185387743844,
    0.00742250777012299,
    0.00750724875205566,
    0.0074288030968062465,
    0.007389201479594386,
    0.007426257393071576,
    0.0074106138643054735,
    0.007394310818719012,
    0.007430328115347832,
    0.007408378874912622,
    0.00743475015319529,
    0.007402805958889307,
    0.007398123217243997,
    0.007372515660429757,
    0.007457498597749878,
    0.007352602904632924,
    0.00746848319642364,
    0.007434729811927629,
    0.007368896237855393,
    0.007381881040240091,
    0.007381742716663414,
    0.007502510245623333,
    0.007385583594441414,
    0.007401568290319235,
    0.007390943222812244,
    0.0073581980171776,
    0.007350886307124581,
    0.007360013623145365,
    0.007382490029115053,
    0.007384934861745153,
    0.0073414940150484205,
    0.00732164793751306,
    0.007314556459378865,
    0.0073410445484258825,
    0.007375451684412029,
    0.007355538876875053,
    0.00735570327009237,
    0.007377719905759607,
    0.007320550503209233,
    0.007345609544288544,
    0.007328634512507253,
    0.007341748709598231,
    0.0073073497152931636,
    0.007334513308864738,
    0.0073342386647940625,
    0.0073237741247765605,
    0.0073425971888124,
    0.0073070900795596935,
    0.007326778098349533,
    0.007327590499901109,
    0.00732512433554918,
    0.007307943463000277,
    0.0073152887782761975,
    0.0073274677353245875,
    0.007317467393087489,
    0.00732619809134612,
    0.00732904335572606,
    0.007331192715182191
  ],
  "mask_mean": [
    0.4920161735443842,
    0.48030200931761,
    0.46288490910378716,
    0.4052320775531587,
    0.1239378206683175,
    0.009309999637364869,
    0.00901214669029864,
    0.009030379074078703,
    0.008948915918904638,
    0.008913916454369586,
    0.008675266574654315,
    0.008757858854969816,
    0.008757079700155863,
    0.008722257977795033,
    0.008554071350584901,
    0.008371902526252799,
    0.008442980725140799,
    0.008453852881396573,
    0.008178747140817226,
    0.008409311359245625,
    0.008217444118585378,
    0.00832421300075357,
    0.008200317488184996,
    0.00824350683343789,
    0.008074220513836258,
    0.00813826418940037,
    0.00815306951306642,
    0.008050361263846595,
    0.008019577630514663,
    0.007992152316821,
    0.0079196528235953,
    0.00796257866369117,
    0.0079271823153018,
    0.007906176859424227,
    0.007829391308838413,
    0.0078143591563853,
    0.007754106532841447,
    0.007847744158454358,
    0.007721234549073473,
    0.00781622291764333,
    0.007766532859513684,
    0.0076771135855880045,
    0.007683416998516473,
    0.007573234346059579,
    0.007635473340217557,
    0.007597607619587391,
    0.007611006705297364,
    0.007600472693050664,
    0.007571063544009886,
    0.007581346734826054,
    0.007552219946528711,
    0.007537593222444966,
    0.007524023882098614,
    0.007551080931628507,
    0.007542598408661665,
    0.007509703526184673,
    0.007474980021398219,
    0.007469220493461878,
    0.007445419229389657,
    0.007441340657394557,
    0.007473651460179734,
    0.0074407970089287985,
    0.007426228514680314,
    0.007425684674036881,
    0.007431693670768586,
    0.007399500303325199,
    0.007383196134238489,
    0.007402192069483655,
    0.007398192889042317,
    0.0073823897936750975,
    0.00736745460964148,
    0.007391614462470724,
    0.007374606265257749,
    0.007386383120088823,
    0.007382896403589892,
    0.007386428769677877,
    0.007396353652612085,
    0.007381653886229273,
    0.0073456895825940935,
    0.007350019097978633
  ]
}