{
  "train_loss": [
    0.1623436117079109,
    0.08961368165910244,
    0.06985140731558204,
    0.06002991332206875,
    0.0526089568156749,
    0.04908278153743595,
    0.04646083514671773,
    0.04297214944381267,
    0.04326110950205475,
    0.041685851640067995,
    0.04045564902480692,
    0.04296087985858321,
    0.04119233682285994,
    0.04110856389161199,
    0.04144937766250223,
    0.04202164686284959,
    0.03925862687174231,
    0.037663720606360584,
    0.03764155984390527,
    0.037241412326693535,
    0.03669271938269958,
    0.03667327482253313,
    0.0360180982388556,
    0.03531343274516985,
    0.03762622596696019,
    0.035059533605817705,
    0.03454676567343995,
    0.033833609835710377,
    0.0338269675266929,
    0.03531717375153676,
    0.03492267651017755,
    0.035199797071982175,
    0.0344569799490273,
    0.03341897699283436,
    0.034213295846711844,
    0.03335154103115201,
    0.03342624916695058,
    0.03216085326857865,
    0.03332379931816831,
    0.033026339835487306,
    0.03283213195390999,
    0.03278191416757181,
    0.032323519815690815,
    0.0320348123786971,
    0.03241984581109136,
    0.03213553375098854,
    0.031906644988339394,
    0.03229115001158789,
    0.03191840660292655,
    0.03166683210292831,
    0.03135659912368283,
    0.03148184024030343,
    0.031216666742693633,
    0.031045651994645596,
    0.030860117229167372,
    0.030831096519250423,
    0.030855389428324997,
    0.030639601696748286,
    0.030679732910357416,
    0.03055347764166072,
    0.0306830913759768,
    0.030468147015199065,
    0.030438916641287506,
    0.030537345970515162,
    0.030368773732334375,
    0.03040707908803597,
    0.030518880812451243,
    0.03025125857675448,
    0.030414408538490534,
    0.03023444948485121,
    0.030236638616770506,
    0.03020160971209407,
    0.03010652627563104,
    0.030307391367387027,
    0.029959207924548537,
    0.030145413824357092,
    0.030041823163628578,
    0.03015948028769344,
    0.030201394809409976,
    0.03030112833948806
  ],
  "val_psnr": [
    12.612488232645507,
    20.751114547057746,
    21.96225700687359,
    22.082994130563243,
    23.189530586166946,
    23.830817456554755,
    23.774139229852373,
    24.088786082865493,
    24.433974099458133,
    24.509324254236834,
    24.769577708528182,
    24.93011857809175,
    25.003489618414218,
    25.043121313359556,
    25.079166421750724,
    25.08252125897205,
    25.08599466681082
  ],
  "val_epoch": [
    0,
    0,
    0,
    0,
    5,
    5,
    5,
    5,
    10,
    10,
    10,
    10,
    15,
    15,
    15,
    15,
    20,
    20,
    20,
    20,
    25,
    25,
    25,
    25,
    30,
    30,
    30,
    30,
    35,
    35,
    35,
    35,
    40,
    40,
    40,
    40,
    45,
    45,
    45,
    45,
    50,
    50,
    50,
    50,
    55,
    55,
    55,
    55,
    60,
    60,
    60,
    60,
    65,
    65,
    65,
    65,
    70,
    70,
    70,
    70,
    75,
    75,
    75,
    75,
    79,
    79,
    79,
    79
  ],
  "val_ssim": [
    0.4536627382040024,
    0.6827223002910614,
    0.7060382664203644,
    0.6983567178249359,
    0.7359130084514618,
    0.7547782808542252,
    0.7766449451446533,
    0.7781428396701813,
    0.7957658916711807,
    0.799868181347847,
    0.8011082708835602,
    0.8071055710315704,
    0.8071838319301605,
    0.8099667429924011,
    0.8085509538650513,
    0.8084921538829803,
    0.8083782941102982
  ],
  "val_l1_loss": [
    0.17972951009869576,
    0.06826213374733925,
    0.05735682975500822,
    0.05736919678747654,
    0.04558909498155117,
    0.04221563134342432,
    0.04309249483048916,
    0.03974713105708361,
    0.03728020749986172,
    0.03677361411973834,
    0.034778581000864506,
    0.03322698175907135,
    0.03292845236137509,
    0.032435640692710876,
    0.03237850125879049,
    0.032330673187971115,
    0.03232340328395367
  ],
  "val_l1_improvement": [
    -783.3757955287521,
    -230.75054630661802,
    -178.3338166202963,
    -179.12087118858523,
    -118.97872043159553,
    -103.06115008643674,
    -106.72510510190239,
    -90.50554029050747,
    -78.64143634430098,
    -76.11365837739785,
    -66.23138441237462,
    -58.45685507196323,
    -56.99519011929556,
    -54.544755241649334,
    -54.330055107466684,
    -54.11350008568115,
    -54.07928627574999
  ]
}