{
  "train_loss": [
    0.1839481145143509,
    0.1256999741308391,
    0.10484276851639152,
    0.10385452350601554,
    0.08915495662949979,
    0.08414187864400446,
    0.08356545120477676,
    0.07873267238028347,
    0.07997612818144262,
    0.0734459578525275,
    0.06725875078700483,
    0.06624432106036693,
    0.07377924048341811,
    0.0676969395717606,
    0.06172486243303865,
    0.0603646015515551,
    0.06523429811932147,
    0.06070244696456939,
    0.06185590859968215,
    0.06054622062947601,
    0.0591466334881261,
    0.054602407035417855,
    0.053727320744656026,
    0.05767915828619152,
    0.052869695238769054,
    0.051495158462785184,
    0.05489468458108604,
    0.05526047386229038,
    0.054470088332891464,
    0.053767358884215355,
    0.0488941112998873,
    0.049318411154672503,
    0.04846575728151947,
    0.04720864270348102,
    0.04766290448606014,
    0.04790720599703491,
    0.05260952305980027,
    0.04941971483640373,
    0.047243545297533274,
    0.04668846586719155,
    0.0484386149328202,
    0.04630024952348322,
    0.04495548736304045,
    0.044800639152526855,
    0.04469599830918014,
    0.04393689229618758,
    0.04330305219627917,
    0.042939358158037066,
    0.04352360521443188,
    0.04560866637621075,
    0.042843298928346485,
    0.04206001432612538,
    0.04233012080658227,
    0.04186859750188887,
    0.04172562144231051,
    0.04122194956289604,
    0.04294657800346613,
    0.04155687347520143,
    0.04139821196440607,
    0.04144231742247939,
    0.04119280120357871,
    0.040825437172316015,
    0.04087702266406268,
    0.040572425816208124,
    0.04076189023908228,
    0.04032773512881249,
    0.040495424065738916,
    0.04020568425767124,
    0.04025308508425951,
    0.04018046043347567,
    0.040382231934927404,
    0.04024711181409657,
    0.04061475186608732,
    0.040046950220130384,
    0.03997468325542286,
    0.04016398859675974,
    0.03991644119378179,
    0.0402339780703187,
    0.03985213517444208,
    0.040254777763038874
  ],
  "val_psnr": [
    11.707607318883648,
    17.49595368085833,
    18.769373897299168,
    19.118278455880013,
    18.859232004962447,
    20.36635364514589,
    20.356312884677536,
    21.116817159112916,
    20.990327850714984,
    21.64358844195442,
    21.736636154026733,
    21.848510227409825,
    21.950952437649924,
    22.116056190709166,
    22.12522819786845,
    22.133584099295845,
    22.133158087082517
  ],
  "val_epoch": [
    0,
    0,
    0,
    0,
    5,
    5,
    5,
    5,
    10,
    10,
    10,
    10,
    15,
    15,
    15,
    15,
    20,
    20,
    20,
    20,
    25,
    25,
    25,
    25,
    30,
    30,
    30,
    30,
    35,
    35,
    35,
    35,
    40,
    40,
    40,
    40,
    45,
    45,
    45,
    45,
    50,
    50,
    50,
    50,
    55,
    55,
    55,
    55,
    60,
    60,
    60,
    60,
    65,
    65,
    65,
    65,
    70,
    70,
    70,
    70,
    75,
    75,
    75,
    75,
    79,
    79,
    79,
    79
  ],
  "val_ssim": [
    0.3305357024073601,
    0.5613270103931427,
    0.5973427891731262,
    0.6156343817710876,
    0.6207766383886337,
    0.6454433500766754,
    0.6428590565919876,
    0.6590933054685593,
    0.6576101630926132,
    0.6681064516305923,
    0.6724894791841507,
    0.676844447851181,
    0.6792325079441071,
    0.6844229251146317,
    0.6853908598423004,
    0.6856396347284317,
    0.6856800764799118
  ],
  "val_l1_loss": [
    0.19982555881142616,
    0.09965534135699272,
    0.0829302966594696,
    0.08107881247997284,
    0.08135728910565376,
    0.06825643591582775,
    0.06758823804557323,
    0.060589409433305264,
    0.06222972087562084,
    0.05399525910615921,
    0.053406513296067715,
    0.052298045717179775,
    0.05046064127236605,
    0.04893623013049364,
    0.04859317094087601,
    0.04848699830472469,
    0.04848108347505331
  ],
  "val_l1_improvement": [
    -730.9694949985777,
    -305.69362006578393,
    -242.33507486101115,
    -232.3209612908874,
    -236.10021238528878,
    -175.7699011003503,
    -174.57558761661258,
    -142.56336826476502,
    -149.07316227249265,
    -113.40692524633512,
    -111.16260627127289,
    -107.44309408389564,
    -100.66858355904955,
    -93.60930996288741,
    -92.60333333320946,
    -92.16359907875196,
    -92.25993809792705
  ]
}