{
  "train_loss": [
    0.250210493337363,
    0.12211135658435524,
    0.1120920644607395,
    0.09856389416381717,
    0.08059003739617765,
    0.0668786100577563,
    0.059820564929395914,
    0.055523540591821074,
    0.051718509872443974,
    0.050669856485910714,
    0.04790052294265479,
    0.04645945376250893,
    0.04533790983259678,
    0.04446515196468681,
    0.04398987698368728,
    0.04364050866570324,
    0.042288053198717535,
    0.042642468586564064,
    0.042560572386719286,
    0.04148841253481805,
    0.04052021692041308,
    0.04029966180678457,
    0.0399878608295694,
    0.03959528531413525,
    0.038863589987158775,
    0.038336068915668875,
    0.03902937925886363,
    0.03936967335175723,
    0.038097133627161384,
    0.037352052284404635,
    0.0381520715309307,
    0.036790756508708,
    0.037243262806441635,
    0.037611308856867254,
    0.03758834465406835,
    0.036606227222364396,
    0.03612190601415932,
    0.03600886114872992,
    0.036290017946157604,
    0.03645783383399248,
    0.035753896401729435,
    0.0357389859855175,
    0.0365707841119729,
    0.03618949023075402,
    0.03576192620676011,
    0.03535653743892908,
    0.03511424589669332,
    0.03517286462010816,
    0.03477281489176676,
    0.03489567217184231,
    0.03476647601928562,
    0.03477181639755145,
    0.03456756821833551,
    0.03470655175624415,
    0.03457943955436349,
    0.03441017371369526,
    0.03448122419649735,
    0.034307250985875726,
    0.03441194072365761,
    0.03430699941236526,
    0.03410672565223649,
    0.034287209797184914,
    0.03440366155700758,
    0.03408763947663829,
    0.034070278285071254,
    0.034203017654363066,
    0.03428913821699098,
    0.034243090252857655,
    0.03396560560213402,
    0.03423710964852944,
    0.034113452304154634,
    0.03421647968934849,
    0.03415322722867131,
    0.03440992103423923,
    0.03392835962586105,
    0.034291380434297025,
    0.03387438057688996,
    0.034186758915893734,
    0.03406742273364216,
    0.03418253635754809
  ],
  "val_psnr": [
    11.198973351477923,
    16.48018996213724,
    21.821712479322965,
    22.74415194980459,
    22.776222105935588,
    23.369689517465545,
    23.404539454762435,
    23.363699138316754,
    23.506526933031626,
    23.545490811059818,
    23.654375732813865,
    23.74529886176206,
    23.78510602829675,
    23.814973221372135,
    23.863628444179202,
    23.85524641126299,
    23.852022355808803
  ],
  "val_epoch": [
    0,
    0,
    0,
    0,
    5,
    5,
    5,
    5,
    10,
    10,
    10,
    10,
    15,
    15,
    15,
    15,
    20,
    20,
    20,
    20,
    25,
    25,
    25,
    25,
    30,
    30,
    30,
    30,
    35,
    35,
    35,
    35,
    40,
    40,
    40,
    40,
    45,
    45,
    45,
    45,
    50,
    50,
    50,
    50,
    55,
    55,
    55,
    55,
    60,
    60,
    60,
    60,
    65,
    65,
    65,
    65,
    70,
    70,
    70,
    70,
    75,
    75,
    75,
    75,
    79,
    79,
    79,
    79
  ],
  "val_ssim": [
    0.3482500687241554,
    0.5964078158140182,
    0.7059232741594315,
    0.7538238912820816,
    0.7319450229406357,
    0.772830992937088,
    0.7665789574384689,
    0.7563782334327698,
    0.7789197117090225,
    0.7775808572769165,
    0.7803288102149963,
    0.7864034026861191,
    0.7896508574485779,
    0.7840792834758759,
    0.7885618209838867,
    0.7876748740673065,
    0.7873155921697617
  ],
  "val_l1_loss": [
    0.23762793838977814,
    0.11291622184216976,
    0.05786013510078192,
    0.049050839617848396,
    0.049454497173428535,
    0.045181384310126305,
    0.04453820548951626,
    0.04469920229166746,
    0.042996298521757126,
    0.04247581958770752,
    0.041742101311683655,
    0.040850402787327766,
    0.040480543859303,
    0.04052588623017073,
    0.04005880141630769,
    0.04012958379462361,
    0.040149192325770855
  ],
  "val_l1_improvement": [
    -1065.828323994058,
    -448.7379125274848,
    -177.75567892133836,
    -133.99592338657646,
    -136.24725358115973,
    -114.59222506117969,
    -111.63123957771995,
    -112.81509767835658,
    -104.5238973170982,
    -101.94033948593395,
    -98.407908368328,
    -93.97928475483673,
    -92.32736313689763,
    -92.56023835089043,
    -90.25989713170549,
    -90.61733088872467,
    -90.70667199496651
  ]
}