{
  "epoch": [
    0,
    1,
    2,
    3,
    4,
    5,
    6,
    7,
    8,
    9,
    10,
    11,
    12,
    13,
    14,
    15,
    16,
    17,
    18,
    19,
    20,
    21,
    22,
    23,
    24,
    25,
    26,
    27,
    28,
    29,
    30,
    31,
    32,
    33,
    34,
    35,
    36,
    37,
    38,
    39,
    40,
    41,
    42,
    43,
    44,
    45,
    46,
    47,
    48,
    49,
    50,
    51,
    52,
    53,
    54,
    55,
    56,
    57,
    58,
    59,
    60,
    61,
    62,
    63,
    64,
    65,
    66,
    67,
    68,
    69,
    70,
    71,
    72,
    73,
    74,
    75,
    76,
    77,
    78,
    79,
    80,
    81,
    82,
    83,
    84,
    85,
    86,
    87,
    88,
    89,
    90,
    91,
    92,
    93,
    94,
    95,
    96,
    97,
    98,
    99
  ],
  "lambda_sparse": [
    0.0,
    0.0016666666666666668,
    0.0033333333333333335,
    0.005000000000000001,
    0.006666666666666667,
    0.008333333333333333,
    0.010000000000000002,
    0.011666666666666667,
    0.013333333333333334,
    0.015,
    0.016666666666666666,
    0.018333333333333333,
    0.020000000000000004,
    0.021666666666666667,
    0.023333333333333334,
    0.025,
    0.02666666666666667,
    0.028333333333333335,
    0.03,
    0.03166666666666667,
    0.03333333333333333,
    0.034999999999999996,
    0.03666666666666667,
    0.03833333333333334,
    0.04000000000000001,
    0.04166666666666667,
    0.043333333333333335,
    0.045000000000000005,
    0.04666666666666667,
    0.04833333333333334,
    0.05,
    0.05,
    0.05,
    0.05,
    0.05,
    0.05,
    0.05,
    0.05,
    0.05,
    0.05,
    0.05,
    0.05,
    0.05,
    0.05,
    0.05,
    0.05,
    0.05,
    0.05,
    0.05,
    0.05,
    0.05,
    0.05,
    0.05,
    0.05,
    0.05,
    0.05,
    0.05,
    0.05,
    0.05,
    0.05,
    0.05,
    0.05,
    0.05,
    0.05,
    0.05,
    0.05,
    0.05,
    0.05,
    0.05,
    0.05,
    0.05,
    0.05,
    0.05,
    0.05,
    0.05,
    0.05,
    0.05,
    0.05,
    0.05,
    0.05,
    0.05,
    0.05,
    0.05,
    0.05,
    0.05,
    0.05,
    0.05,
    0.05,
    0.05,
    0.05,
    0.05,
    0.05,
    0.05,
    0.05,
    0.05,
    0.05,
    0.05,
    0.05,
    0.05,
    0.05
  ],
  "train_loss": [
    0.0011864452767185866,
    0.0014938376937061548,
    0.0010114617901854216,
    0.0009959753411822021,
    0.0009964648024179041,
    0.000996085693128407,
    0.0009958354542031883,
    0.0009953751619905234,
    0.0009953703987412154,
    0.0009949008668772876,
    0.0009950856841169297,
    0.0016610125941224395,
    0.0018765884200111032,
    0.0018765884269960225,
    0.0018765884232707323,
    0.0018765884255990386,
    0.0018765884209424257,
    0.001876588418148458,
    0.001876588429324329,
    0.0018765884190797806,
    0.0018765884223394095,
    0.0018765884204767645,
    0.0018765884237363934,
    0.0018765884274616837,
    0.0018765884269960225,
    0.0018765884269960225,
    0.001876588427927345,
    0.001876588424667716,
    0.0018765884274616837,
    0.001876588416751474,
    0.0018765884218737484,
    0.0018765884232707323,
    0.0018765884237363934,
    0.0018765884237363934,
    0.0018765884265303612,
    0.0018765884242020548,
    0.0018765884153544904,
    0.0018765884269960225,
    0.0018765884297899903,
    0.0018765884237363934,
    0.0018765884223394095,
    0.0018765884269960225,
    0.0018765884255990386,
    0.0018765884242020548,
    0.0018765884237363934,
    0.001876588422805071,
    0.0018765884158201515,
    0.0018765884283930064,
    0.001876588427927345,
    0.001876588429324329,
    0.0018765884255990386,
    0.001876588429324329,
    0.0018765884265303612,
    0.001876588427927345,
    0.001876588429324329,
    0.001876588424667716,
    0.0018765884283930064,
    0.001876588424667716,
    0.0018765884265303612,
    0.0018765884186141193,
    0.0018765884283930064,
    0.001876588427927345,
    0.0018765884255990386,
    0.0018765884190797806,
    0.0018765884172171354,
    0.001876588422805071,
    0.0018765884311869741,
    0.0018765884186141193,
    0.0018765884311869741,
    0.0018765884269960225,
    0.0018765884274616837,
    0.0018765884232707323,
    0.001876588429324329,
    0.0018765884302556514,
    0.0018765884209424257,
    0.0018765884297899903,
    0.0018765884195454418,
    0.0018765884190797806,
    0.0018765884172171354,
    0.0018765884251333773,
    0.0018765884204767645,
    0.001876588429324329,
    0.0018765884260646998,
    0.0018765884283930064,
    0.0018765884204767645,
    0.0018765884200111032,
    0.001876588424667716,
    0.0018765884190797806,
    0.0018765884335152805,
    0.0018765884232707323,
    0.0018765884242020548,
    0.0018765884116292,
    0.0018765884265303612,
    0.0018765884265303612,
    0.0018765884302556514,
    0.0018765884204767645,
    0.0018765884255990386,
    0.0018765884260646998,
    0.0018765884218737484,
    0.0018765884274616837
  ],
  "train_l1": [
    0.0011864452767185866,
    0.0010053817466832698,
    0.0009991438747383654,
    0.0009906122284010052,
    0.0009918776582926512,
    0.000991808496415615,
    0.0009918777691200376,
    0.0009916834868490697,
    0.0009917790195904672,
    0.0009914920926094055,
    0.0009917753823101521,
    0.0016569922333583235,
    0.0018765884200111032,
    0.0018765884269960225,
    0.0018765884232707323,
    0.0018765884255990386,
    0.0018765884209424257,
    0.001876588418148458,
    0.001876588429324329,
    0.0018765884190797806,
    0.0018765884223394095,
    0.0018765884204767645,
    0.0018765884237363934,
    0.0018765884274616837,
    0.0018765884269960225,
    0.0018765884269960225,
    0.001876588427927345,
    0.001876588424667716,
    0.0018765884274616837,
    0.001876588416751474,
    0.0018765884218737484,
    0.0018765884232707323,
    0.0018765884237363934,
    0.0018765884237363934,
    0.0018765884265303612,
    0.0018765884242020548,
    0.0018765884153544904,
    0.0018765884269960225,
    0.0018765884297899903,
    0.0018765884237363934,
    0.0018765884223394095,
    0.0018765884269960225,
    0.0018765884255990386,
    0.0018765884242020548,
    0.0018765884237363934,
    0.001876588422805071,
    0.0018765884158201515,
    0.0018765884283930064,
    0.001876588427927345,
    0.001876588429324329,
    0.0018765884255990386,
    0.001876588429324329,
    0.0018765884265303612,
    0.001876588427927345,
    0.001876588429324329,
    0.001876588424667716,
    0.0018765884283930064,
    0.001876588424667716,
    0.0018765884265303612,
    0.0018765884186141193,
    0.0018765884283930064,
    0.001876588427927345,
    0.0018765884255990386,
    0.0018765884190797806,
    0.0018765884172171354,
    0.001876588422805071,
    0.0018765884311869741,
    0.0018765884186141193,
    0.0018765884311869741,
    0.0018765884269960225,
    0.0018765884274616837,
    0.0018765884232707323,
    0.001876588429324329,
    0.0018765884302556514,
    0.0018765884209424257,
    0.0018765884297899903,
    0.0018765884195454418,
    0.0018765884190797806,
    0.0018765884172171354,
    0.0018765884251333773,
    0.0018765884204767645,
    0.001876588429324329,
    0.0018765884260646998,
    0.0018765884283930064,
    0.0018765884204767645,
    0.0018765884200111032,
    0.001876588424667716,
    0.0018765884190797806,
    0.0018765884335152805,
    0.0018765884232707323,
    0.0018765884242020548,
    0.0018765884116292,
    0.0018765884265303612,
    0.0018765884265303612,
    0.0018765884302556514,
    0.0018765884204767645,
    0.0018765884255990386,
    0.0018765884260646998,
    0.0018765884218737484,
    0.0018765884274616837
  ],