{
  "train_loss": [
    0.0586277290713042,
    0.053511424106545746,
    0.05423571809660643,
    0.05518229305744171,
    0.0553949176101014,
    0.05190507275983691,
    0.04787459352519363,
    0.04366310208570212,
    0.04048940632492304,
    0.04028354422189295,
    0.039676489192061126,
    0.03951180609874427,
    0.03950903029181063,
    0.03942936740349978,
    0.03954809170681983,
    0.039518347184639424,
    0.039091173093765974,
    0.03915820334805176,
    0.039325431804172695,
    0.03920818702317774,
    0.03958195523591712,
    0.039301804441493005,
    0.03955018369015306,
    0.03915835078805685,
    0.03906692797318101,
    0.039137025363743305,
    0.03891963209025562,
    0.03924482723232359,
    0.03899386583361775,
    0.03915595333091915,
    0.038987994310446084,
    0.03919681231491268,
    0.039051692467182875,
    0.039592760731466115,
    0.03894331521587446,
    0.03902253042906523,
    0.03855603572446853,
    0.0390122146345675,
    0.03903750702738762,
    0.03909646824467927,
    0.03902190912049264,
    0.03910134668694809,
    0.03865940705873072,
    0.03876921680057421,
    0.038647558831144124,
    0.03870061307679862,
    0.03850190481171012,
    0.038522791757714,
    0.03840035886969417,
    0.03872922796290368,
    0.03856383473612368,
    0.03814613848226145,
    0.03864844114286825,
    0.0383364781155251,
    0.03838026541052386,
    0.03831785178044811,
    0.0382363997050561,
    0.03809316811384633,
    0.03810398548375815,
    0.03808084293268621,
    0.03815196023788303,
    0.0383120053447783,
    0.03786176192807034,
    0.037976654537487775,
    0.03826525231124833,
    0.03820831573102623,
    0.03822105476865545,
    0.03783973213285208,
    0.03782658139243722,
    0.038327386777382344,
    0.0382068469771184,
    0.03812165802810341,
    0.0381571602774784,
    0.037829829554539174,
    0.0377450633677654,
    0.037902040232438594,
    0.03798872203333303,
    0.037704448972363025,
    0.03813805489335209,
    0.03813658014405519
  ],
  "val_psnr": [
    12.490301884923952,
    11.688844445146469,
    11.878584192255508,
    12.360758784173902,
    11.714807999768015,
    12.425100617708267,
    12.453760177920742,
    12.289644742070172,
    12.200172420990057,
    12.069211376910523,
    12.195634300857048,
    12.221071783632127,
    12.180409749164582,
    12.227263768234966,
    12.225111483902914,
    12.206348649360546,
    12.219630960219206
  ],
  "val_epoch": [
    0,
    0,
    0,
    0,
    0,
    0,
    0,
    5,
    5,
    5,
    5,
    5,
    5,
    5,
    10,
    10,
    10,
    10,
    10,
    10,
    10,
    15,
    15,
    15,
    15,
    15,
    15,
    15,
    20,
    20,
    20,
    20,
    20,
    20,
    20,
    25,
    25,
    25,
    25,
    25,
    25,
    25,
    30,
    30,
    30,
    30,
    30,
    30,
    30,
    35,
    35,
    35,
    35,
    35,
    35,
    35,
    40,
    40,
    40,
    40,
    40,
    40,
    40,
    45,
    45,
    45,
    45,
    45,
    45,
    45,
    50,
    50,
    50,
    50,
    50,
    50,
    50,
    55,
    55,
    55,
    55,
    55,
    55,
    55,
    60,
    60,
    60,
    60,
    60,
    60,
    60,
    65,
    65,
    65,
    65,
    65,
    65,
    65,
    70,
    70,
    70,
    70,
    70,
    70,
    70,
    75,
    75,
    75,
    75,
    75,
    75,
    75,
    79,
    79,
    79,
    79,
    79,
    79,
    79
  ],
  "val_ssim": [
    0.8211367130279541,
    0.6948155015707016,
    0.7232357114553452,
    0.7334839254617691,
    0.7146676480770111,
    0.7322527468204498,
    0.7337456196546555,
    0.7293190062046051,
    0.7265280187129974,
    0.7268111854791641,
    0.7350207269191742,
    0.731919676065445,
    0.7321109026670456,
    0.7366589307785034,
    0.7349684536457062,
    0.7346766889095306,
    0.7347718179225922
  ],
  "val_l1_loss": [
    0.06387260556221008,
    0.11380519159138203,
    0.10644396208226681,
    0.09605272486805916,
    0.11095145344734192,
    0.09504827484488487,
    0.09394767507910728,
    0.09830567985773087,
    0.09966690838336945,
    0.10245241783559322,
    0.09863344952464104,
    0.09865404292941093,
    0.09952714294195175,
    0.09784983471035957,
    0.09816538169980049,
    0.09855594485998154,
    0.09828345105051994
  ],
  "val_l1_improvement": [
    -2.9090214883869607,
    -82.67275417400859,
    -70.54141058935907,
    -53.816885878836445,
    -77.81066713627774,
    -52.209679547619956,
    -50.42516395686034,
    -57.412403446850966,
    -59.606683836163796,
    -64.05197682765177,
    -57.891474837493746,
    -57.94678866605548,
    -59.339592912494275,
    -56.6186444583669,
    -57.141653139549014,
    -57.76580147262153,
    -57.33154698414086
  ],
  "val_iou": [
    0.07946395874023438,
    0.07943344116210938,
    0.1692853263621117,
    0.17068357674341308,
    0.12804743354944012,
    0.1522786773814176,
    0.1498922011498497,
    0.14747834016181613,
    0.09676957200883371,
    0.0961964575257901,
    0.10035008669935419,
    0.04688777912729502,
    0.04514035950800929,
    0.04888330319960984,
    0.04029309687095635,
    0.03790111468875352,
    0.03734641290308487
  ],
  "val_mask_contrast": [
    0.9975965768098831,
    1.0057895630598068,
    2.8813563883304596,
    2.915866456925869,
    2.1166184470057487,
    2.5421334877610207,
    2.6792460903525352,
    2.6809864938259125,
    2.6070238053798676,
    2.9084741324186325,
    3.555187962949276,
    3.54926934838295,
    3.7340179085731506,
    4.173463895916939,
    4.08088456094265,
    4.070825099945068,
    4.079483687877655
  ],
  "val_mask_mean": [
    0.46112602949142456,
    0.3618418425321579,
    0.0464028543792665,
    0.046882926020771265,
    0.043404825031757355,
    0.04253605613484979,
    0.03871141280978918,
    0.03624024335294962,
    0.026098946575075388,
    0.021536292973905802,
    0.01737488340586424,
    0.012592953280545771,
    0.011502404347993433,
    0.010468913009390235,
    0.009925912134349346,
    0.009770009317435324,
    0.00969067052938044
  ]
}