{
  "train_loss": [
    0.029030950099695474,
    0.02876054000807926,
    0.030007505789399147,
    0.030846080859191716,
    0.0318036557873711,
    0.030472230457235128,
    0.027546602301299572,
    0.027479286363814026,
    0.027536714216694236,
    0.027559332782402635,
    0.027429148962255567,
    0.027371812728233635,
    0.02739850035868585,
    0.027422028069850057,
    0.027286456781439483,
    0.027537626854609698,
    0.02760339854285121,
    0.02747996139805764,
    0.027344732137862593,
    0.027263860683888197,
    0.02763753104954958,
    0.02748581033665687,
    0.02734054916072637,
    0.02741030917968601,
    0.027266743942163885,
    0.02748857019469142,
    0.027342540095560253,
    0.027548345155082643,
    0.02739869902143255,
    0.027770697080995888,
    0.027380249637644738,
    0.027206133236177266,
    0.027283603325486183,
    0.027274085499811918,
    0.02742172876605764,
    0.02737256046384573,
    0.027303576469421387,
    0.02748780173715204,
    0.02735582273453474,
    0.027640363667160273,
    0.027359433588571846,
    0.027301317255478352,
    0.027410922688432038,
    0.02759010496083647,
    0.0271580025437288,
    0.027464775484986603,
    0.027297229797113687,
    0.02735991618828848,
    0.027461216843221337,
    0.027435193012934178,
    0.027448359178379178,
    0.027355785307008773,
    0.027319642947986722,
    0.027372192358598113,
    0.0275137695716694,
    0.027525986486580223,
    0.0272786685382016,
    0.027186984312720597,
    0.0272844914579764,
    0.02746810909593478,
    0.027296693180687726,
    0.027613288431894034,
    0.027681463572662324,
    0.02735646045766771,
    0.02742062765173614,
    0.02720862766727805,
    0.027560088434256613,
    0.02771533135091886,
    0.027431673544924706,
    0.027369555842597038,
    0.027502957673277706,
    0.02743043703958392,
    0.02754202706273645,
    0.027431779424659908,
    0.02728465059772134,
    0.027443388651590794,
    0.027274210762698203,
    0.027428817993495613,
    0.027520899777300656,
    0.027213648427277803
  ],
  "val_psnr": [
    25.483592340398843,
    25.48621764563316,
    25.486212350324067,
    25.486212350324067,
    25.486212350324067,
    25.486212350324067,
    25.486212350324067,
    25.486212350324067,
    25.486212350324067,
    25.486212350324067,
    25.486212350324067,
    25.486212350324067,
    25.486212350324067,
    25.486212350324067,
    25.486212350324067,
    25.486212350324067,
    25.486212350324067
  ],
  "val_epoch": [
    0,
    0,
    0,
    0,
    0,
    0,
    0,
    5,
    5,
    5,
    5,
    5,
    5,
    5,
    10,
    10,
    10,
    10,
    10,
    10,
    10,
    15,
    15,
    15,
    15,
    15,
    15,
    15,
    20,
    20,
    20,
    20,
    20,
    20,
    20,
    25,
    25,
    25,
    25,
    25,
    25,
    25,
    30,
    30,
    30,
    30,
    30,
    30,
    30,
    35,
    35,
    35,
    35,
    35,
    35,
    35,
    40,
    40,
    40,
    40,
    40,
    40,
    40,
    45,
    45,
    45,
    45,
    45,
    45,
    45,
    50,
    50,
    50,
    50,
    50,
    50,
    50,
    55,
    55,
    55,
    55,
    55,
    55,
    55,
    60,
    60,
    60,
    60,
    60,
    60,
    60,
    65,
    65,
    65,
    65,
    65,
    65,
    65,
    70,
    70,
    70,
    70,
    70,
    70,
    70,
    75,
    75,
    75,
    75,
    75,
    75,
    75,
    79,
    79,
    79,
    79,
    79,
    79,
    79
  ],
  "val_ssim": [
    0.8824803233146667,
    0.8830253481864929,
    0.883023664355278,
    0.883023664355278,
    0.883023664355278,
    0.883023664355278,
    0.883023664355278,
    0.883023664355278,
    0.883023664355278,
    0.883023664355278,
    0.883023664355278,
    0.883023664355278,
    0.883023664355278,
    0.883023664355278,
    0.883023664355278,
    0.883023664355278,
    0.883023664355278
  ],
  "val_l1_loss": [
    0.02149741118773818,
    0.02123601920902729,
    0.021235881838947535,
    0.021235881838947535,
    0.021235881838947535,
    0.021235881838947535,
    0.021235881838947535,
    0.021235881838947535,
    0.021235881838947535,
    0.021235881838947535,
    0.021235881838947535,
    0.021235881838947535,
    0.021235881838947535,
    0.021235881838947535,
    0.021235881838947535,
    0.021235881838947535,
    0.021235881838947535
  ],
  "val_l1_improvement": [
    -1.2925860452654239,
    -0.0007032515620343097,
    0.0,
    0.0,
    0.0,
    0.0,
    0.0,
    0.0,
    0.0,
    0.0,
    0.0,
    0.0,
    0.0,
    0.0,
    0.0,
    0.0,
    0.0
  ],
  "val_iou": [
    0.4070320129394531,
    2.940319422608185e-05,
    0.0,
    0.0,
    0.0,
    0.0,
    0.0,
    0.0,
    0.0,
    0.0,
    0.0,
    0.0,
    0.0,
    0.0,
    0.0,
    0.0,
    0.0
  ],
  "val_mask_contrast": [
    0.9997910410165787,
    0.6844698078930378,
    0.0,
    0.0,
    0.0,
    0.0,
    0.0,
    0.0,
    0.0,
    0.0,
    0.0,
    0.0,
    0.0,
    0.0,
    0.0,
    0.0,
    0.0
  ],
  "val_mask_mean": [
    0.4823061153292656,
    3.9225914179041865e-06,
    1.8571138296472793e-12,
    1.857113672099151e-12,
    1.8571138889395856e-12,
    1.857112228755009e-12,
    1.8571196758686813e-12,
    1.857114700397149e-12,
    1.8571138313413452e-12,
    1.8571171347698395e-12,
    1.857117188979948e-12,
    1.8571175565922473e-12,
    1.857117224555332e-12,
    1.857120400928884e-12,
    1.8571136941220078e-12,
    1.8571169772217113e-12,
    1.8571168772718236e-12
  ]
}