{
  "train_loss": [
    0.2692408342845738,
    0.12874649022705853,
    0.11131452675908804,
    0.10092788212932646,
    0.09471263759769499,
    0.08424473903141916,
    0.07752609509043396,
    0.0773898761253804,
    0.07047246326692402,
    0.06627333594951779,
    0.06287074775900692,
    0.06202306167688221,
    0.05735675839241594,
    0.05614047707058489,
    0.05386841914150864,
    0.051699583884328604,
    0.05153145198710263,
    0.050705028465017676,
    0.05108280188869685,
    0.04851917899213731,
    0.04688825237099081,
    0.046927484101615846,
    0.04561818786896765,
    0.04505906370468438,
    0.04747663938906044,
    0.04402527748607099,
    0.04347699380014092,
    0.04302852530963719,
    0.043715169304050505,
    0.041579293087124825,
    0.04152169113513082,
    0.041734770173206925,
    0.04092272405978292,
    0.041190299205482006,
    0.04120475787203759,
    0.04149707104079425,
    0.0403165208408609,
    0.03962526086252183,
    0.039945886412169784,
    0.04085034760646522,
    0.04091332363896072,
    0.03965425956994295,
    0.03928219433873892,
    0.03880386799573898,
    0.038983339443802834,
    0.038364019710570574,
    0.03841134952381253,
    0.03813224198529497,
    0.038154510664753616,
    0.03802181524224579,
    0.03804153122473508,
    0.03770773747237399,
    0.03754193149507046,
    0.037495801225304604,
    0.037491879251319915,
    0.03759539750171825,
    0.037542768637649715,
    0.037526233587414026,
    0.03736566018778831,
    0.03722820326220244,
    0.037135197315365076,
    0.03700765408575535,
    0.036957733042072505,
    0.037489088252186775,
    0.036981944169383496,
    0.03695259033702314,
    0.03707853198284283,
    0.03716753120534122,
    0.037040397990494967,
    0.03686047618975863,
    0.03677831089589745,
    0.03682010277407244,
    0.036711130873300135,
    0.03669864253606647,
    0.037063331983517855,
    0.03706250851973891,
    0.03704785043373704,
    0.036686852981802076,
    0.03669955034274608,
    0.03696720511652529
  ],
  "val_psnr": [
    10.782572008394471,
    15.080268284924546,
    16.861583127952024,
    20.621161245857905,
    21.585348039654185,
    21.800289217958422,
    22.167807973103635,
    22.288705941028134,
    22.26752694143005,
    22.67294770386954,
    22.796017236305726,
    22.91162867589246,
    22.935053502467518,
    22.981670611981123,
    23.01725004989042,
    23.01798995092401,
    23.01945853901243
  ],
  "val_epoch": [
    0,
    0,
    0,
    0,
    5,
    5,
    5,
    5,
    10,
    10,
    10,
    10,
    15,
    15,
    15,
    15,
    20,
    20,
    20,
    20,
    25,
    25,
    25,
    25,
    30,
    30,
    30,
    30,
    35,
    35,
    35,
    35,
    40,
    40,
    40,
    40,
    45,
    45,
    45,
    45,
    50,
    50,
    50,
    50,
    55,
    55,
    55,
    55,
    60,
    60,
    60,
    60,
    65,
    65,
    65,
    65,
    70,
    70,
    70,
    70,
    75,
    75,
    75,
    75,
    79,
    79,
    79,
    79
  ],
  "val_ssim": [
    0.3096587434411049,
    0.5361306816339493,
    0.6096332222223282,
    0.6614224165678024,
    0.6893334835767746,
    0.7074105441570282,
    0.7192059755325317,
    0.7354172170162201,
    0.7248509675264359,
    0.7491235136985779,
    0.7535098940134048,
    0.75914366543293,
    0.7587114125490189,
    0.7610541880130768,
    0.7637661546468735,
    0.7635274827480316,
    0.7635114639997482
  ],
  "val_l1_loss": [
    0.24989451840519905,
    0.12997567281126976,
    0.09859604388475418,
    0.06298778392374516,
    0.05310328770428896,
    0.050789318047463894,
    0.04745034500956535,
    0.04583995509892702,
    0.0478342417627573,
    0.04181706998497248,
    0.04082818888127804,
    0.039971128571778536,
    0.03979011159390211,
    0.03933818405494094,
    0.03905427874997258,
    0.03901560325175524,
    0.03901470173150301
  ],
  "val_l1_improvement": [
    -958.1569606355395,
    -446.0179564820518,
    -303.7433914010287,
    -150.31926398642742,
    -109.49931397734265,
    -101.99878556280191,
    -87.86608342629367,
    -80.28872371909199,
    -90.88508980813847,
    -62.69846233688219,
    -59.21255745388605,
    -55.61622454135277,
    -55.11152668305909,
    -53.217467790691344,
    -51.98975321826785,
    -51.801799505030004,
    -51.821873518073026
  ]
}