{
  "epoch": [
    0,
    1,
    2,
    3,
    4,
    5,
    6,
    7,
    8,
    9,
    10,
    11,
    12,
    13,
    14,
    15,
    16,
    17,
    18,
    19,
    20,
    21,
    22,
    23,
    24,
    25,
    26,
    27,
    28,
    29,
    30,
    31,
    32,
    33,
    34,
    35,
    36,
    37,
    38,
    39,
    40,
    41,
    42,
    43,
    44,
    45,
    46,
    47,
    48,
    49,
    50,
    51,
    52,
    53,
    54,
    55,
    56,
    57,
    58,
    59
  ],
  "train_loss": [
    0.0044402739452198145,
    0.004286840937566012,
    0.004278477954212576,
    0.004272345579229295,
    0.0042354064714163545,
    0.0041960691823624075,
    0.004156955657526851,
    0.004124018272850662,
    0.004085982150863856,
    0.004050128369126469,
    0.00400410340866074,
    0.003974096125457436,
    0.003957972093485296,
    0.003923240681178868,
    0.003972149738110602,
    0.003948082821443677,
    0.0039032192481681703,
    0.0038890189584344626,
    0.0038782451837323607,
    0.0038870314159430565,
    0.0038839990668930115,
    0.0038612167816609146,
    0.003854756176006049,
    0.003854560712352395,
    0.003861603029072285,
    0.0038464515749365093,
    0.0038469646591693164,
    0.003843103258404881,
    0.0038421232043765485,
    0.003843571385368705,
    0.0038399811903946104,
    0.003839176231995225,
    0.0038369259890168907,
    0.0038382364343851807,
    0.0038365997234359383,
    0.003838187970686704,
    0.0038373518479056655,
    0.0038341016718186436,
    0.0038338682148605584,
    0.003837568222079426,
    0.00383454465540126,
    0.003833241064567119,
    0.0038321986282244323,
    0.0038317818683572115,
    0.0038314233953133225,
    0.0038305446924641728,
    0.0038300868170335887,
    0.003830309114418924,
    0.003829347339924425,
    0.0038295323075726627,
    0.0038291713502258064,
    0.0038287879328709096,
    0.0038286228198558094,
    0.0038283745478838683,
    0.0038281777454540135,
    0.0038280301494523885,
    0.0038279977906495333,
    0.0038278766092844307,
    0.003827819372527301,
    0.0038277855259366334
  ]
}