{
  "train_loss": [
    0.18678221059963107,
    0.10558325191959739,
    0.07931860617827624,
    0.06615803542081267,
    0.058863817364908755,
    0.057016012840904295,
    0.05501625477336347,
    0.05049741792026907,
    0.049362455029040575,
    0.047842372325249016,
    0.05083585937973112,
    0.04931797494646162,
    0.047557131154462695,
    0.04662982060108334,
    0.04576126020401716,
    0.047133145097177476,
    0.04374471737537533,
    0.041999744018539786,
    0.04168225277680904,
    0.041284972918219864,
    0.04270444088615477,
    0.04314446332864463,
    0.04321014985907823,
    0.0417372016236186,
    0.03922852571122348,
    0.04069575609173626,
    0.04059221060015261,
    0.04096016788389534,
    0.03939742944203317,
    0.03878137678839266,
    0.03819568350445479,
    0.03629869036376476,
    0.03589560685213655,
    0.035648052755277604,
    0.03671359579311684,
    0.0366461796220392,
    0.03558108420111239,
    0.03552000364288688,
    0.03540646540932357,
    0.03477509442018345,
    0.0356784756295383,
    0.03643127501709387,
    0.03510959743289277,
    0.03473843209212646,
    0.03406381560489535,
    0.033605195058044046,
    0.033228149462956935,
    0.032960520475171506,
    0.03272064035991207,
    0.032430496939923614,
    0.03281525202328339,
    0.03244520485168323,
    0.031877751811407506,
    0.03198094596154988,
    0.03214391245273873,
    0.03198272635927424,
    0.031683194800280035,
    0.03133854555198923,
    0.031307825120165944,
    0.031287928693927824,
    0.03133790008723736,
    0.031136230856645852,
    0.03111280908342451,
    0.031070915691088885,
    0.031105186557397246,
    0.03136364615056664,
    0.03088695550104603,
    0.030762856011278927,
    0.030649180756881833,
    0.03088939533336088,
    0.030780448112636805,
    0.03063714550808072,
    0.030522198940161616,
    0.0308712626574561,
    0.030659448355436325,
    0.03051824145950377,
    0.030614531133323908,
    0.030604257131926715,
    0.03067976061720401,
    0.030570522183552384
  ],
  "val_psnr": [
    12.269962790057336,
    19.581823407826832,
    20.283168947049646,
    21.167594061157505,
    21.631120917332098,
    22.52228290337773,
    22.772527876497392,
    23.143516754056886,
    23.062121404657276,
    23.133234981626394,
    23.10634800945201,
    23.15515664118171,
    23.095094903883815,
    23.095666254404335,
    23.08201847059594,
    23.076036998679676,
    23.07892941441916
  ],
  "val_epoch": [
    0,
    0,
    0,
    0,
    5,
    5,
    5,
    5,
    10,
    10,
    10,
    10,
    15,
    15,
    15,
    15,
    20,
    20,
    20,
    20,
    25,
    25,
    25,
    25,
    30,
    30,
    30,
    30,
    35,
    35,
    35,
    35,
    40,
    40,
    40,
    40,
    45,
    45,
    45,
    45,
    50,
    50,
    50,
    50,
    55,
    55,
    55,
    55,
    60,
    60,
    60,
    60,
    65,
    65,
    65,
    65,
    70,
    70,
    70,
    70,
    75,
    75,
    75,
    75,
    79,
    79,
    79,
    79
  ],
  "val_ssim": [
    0.4007992818951607,
    0.639487698674202,
    0.715704619884491,
    0.7374709695577621,
    0.7478129863739014,
    0.7479073405265808,
    0.7604825794696808,
    0.7844547033309937,
    0.7891613394021988,
    0.7897960394620895,
    0.7923216819763184,
    0.7919778525829315,
    0.7919190675020218,
    0.7918750941753387,
    0.7918255627155304,
    0.7911944538354874,
    0.7913816124200821
  ],
  "val_l1_loss": [
    0.19217421859502792,
    0.07455712091177702,
    0.06328430492430925,
    0.056408872827887535,
    0.05280795507133007,
    0.04482507798820734,
    0.04236750118434429,
    0.038152508437633514,
    0.0387170622125268,
    0.03728377399966121,
    0.03699911944568157,
    0.036413302179425955,
    0.03626089822500944,
    0.036087014712393284,
    0.036018638871610165,
    0.03605362679809332,
    0.0360341384075582
  ],
  "val_l1_improvement": [
    -700.5841887150839,
    -197.81534600542665,
    -153.25692244225394,
    -122.48206045637971,
    -113.12816316717459,
    -79.44834400650245,
    -66.72311019546476,
    -49.31729563137257,
    -51.539663966710926,
    -45.23115717712099,
    -44.53230848999603,
    -41.51567166152802,
    -41.48499262099558,
    -40.73671618267585,
    -40.445822642703874,
    -40.643997006502985,
    -40.52775075284771
  ]
}