{
  "epoch": [
    0,
    1,
    2,
    3,
    4,
    5,
    6,
    7,
    8,
    9,
    10,
    11,
    12,
    13,
    14,
    15,
    16,
    17,
    18,
    19,
    20,
    21,
    22,
    23,
    24,
    25,
    26,
    27,
    28,
    29,
    30,
    31,
    32,
    33,
    34,
    35,
    36,
    37,
    38,
    39,
    40,
    41,
    42,
    43,
    44,
    45,
    46,
    47,
    48,
    49,
    50,
    51,
    52,
    53,
    54,
    55,
    56,
    57,
    58,
    59,
    60,
    61,
    62,
    63,
    64,
    65,
    66,
    67,
    68,
    69,
    70,
    71,
    72,
    73,
    74,
    75,
    76,
    77,
    78,
    79
  ],
  "seed": 1024,
  "train_loss": [
    0.0646905661560595,
    0.06348855735268444,
    0.0644589151488617,
    0.06549813807941973,
    0.06655448232777417,
    0.06598390149883926,
    0.061926634050905704,
    0.06206189747899771,
    0.06256430316716433,
    0.06171597819775343,
    0.06230455741751939,
    0.06184658163692802,
    0.06204297603107989,
    0.06153699313290417,
    0.06191052170470357,
    0.061655028141103685,
    0.061670533497817814,
    0.06187627755571157,
    0.06162668054457754,
    0.06207476474810392,
    0.06180102506186813,
    0.06218419945798814,
    0.06168155325576663,
    0.06161149847321212,
    0.061731813941150904,
    0.06169932754710317,
    0.06161315517965704,
    0.061725803883746266,
    0.06155915930867195,
    0.06228343257680535,
    0.06189033261034638,
    0.06184858677443117,
    0.06160983978770673,
    0.06206285709049553,
    0.061612612451426685,
    0.06178147008176893,
    0.06187740422319621,
    0.06166636967100203,
    0.06172557803802192,
    0.06169140059500933,
    0.062035040580667555,
    0.06192281132098287,
    0.06158140324987471,
    0.06203262973576784,
    0.06235691602341831,
    0.06228725519031286,
    0.06182721920777112,
    0.06166835653129965,
    0.06214341975282878,
    0.06203161156736314,
    0.061655583092942834,
    0.06165666040033102,
    0.06144124793354422,
    0.06195962196215987,
    0.06182674737647176,
    0.06183067103847861,
    0.06158589292317629,
    0.06212669156957418,
    0.06183602043893188,
    0.061828539706766605,
    0.06199144129641354,
    0.0621577890124172,
    0.061707848915830255,
    0.06165116175543517,
    0.06198016181588173,
    0.06174239807296544,
    0.06198514113202691,
    0.061713509261608124,
    0.0619051851099357,
    0.061921958113089204,
    0.061549970880150795,
    0.06210094771813601,
    0.06147252151276916,
    0.061980934464372694,
    0.06171815388370305,
    0.06188199215102941,
    0.06181310093961656,
    0.06160819565411657,
    0.061489790212363005,
    0.062008636887185276
  ],
  "train_l1": [
    0.0646905661560595,
    0.06232745503075421,
    0.062196924234740436,
    0.06227331096306443,
    0.06263014848809689,
    0.06221026577986777,
    0.06185984855983406,
    0.06206189747899771,
    0.06256430316716433,
    0.06171597819775343,
    0.06230455741751939,
    0.06184658163692802,
    0.06204297603107989,
    0.06153699313290417,
    0.06191052170470357,
    0.061655028141103685,
    0.061670533497817814,
    0.06187627755571157,
    0.06162668054457754,
    0.06207476474810392,
    0.06180102506186813,
    0.06218419945798814,
    0.06168155325576663,
    0.06161149847321212,
    0.061731813941150904,
    0.06169932754710317,
    0.06161315517965704,
    0.061725803883746266,
    0.06155915930867195,
    0.06228343257680535,
    0.06189033261034638,
    0.06184858677443117,
    0.06160983978770673,
    0.06206285709049553,
    0.061612612451426685,
    0.06178147008176893,
    0.06187740422319621,
    0.06166636967100203,
    0.06172557803802192,
    0.06169140059500933,
    0.062035040580667555,
    0.06192281132098287,
    0.06158140324987471,
    0.06203262973576784,
    0.06235691602341831,
    0.06228725519031286,
    0.06182721920777112,
    0.06166835653129965,
    0.06214341975282878,
    0.06203161156736314,
    0.061655583092942834,
    0.06165666040033102,
    0.06144124793354422,
    0.06195962196215987,
    0.06182674737647176,
    0.06183067103847861,
    0.06158589292317629,
    0.06212669156957418,
    0.06183602043893188,
    0.061828539706766605,
    0.06199144129641354,
    0.0621577890124172,
    0.061707848915830255,
    0.06165116175543517,
    0.06198016181588173,
    0.06174239807296544,
    0.06198514113202691,
    0.061713509261608124,
    0.0619051851099357,
    0.061921958113089204,
    0.061549970880150795,
    0.06210094771813601,
    0.06147252151276916,
    0.061980934464372694,
    0.06171815388370305,
    0.06188199215102941,
    0.06181310093961656,
    0.06160819565411657,
    0.061489790212363005,
    0.062008636887185276
  ],
  "val_psnr": [
    12.10590373853015,
    12.105935501029293,
    12.105895281339343,
    12.10590726139577,
    12.105914109439487,
    12.106378587223192,
    12.10603446525314,
    12.10603446525314,
    12.10603446525314,
    12.10603446525314,
    12.10603446525314,
    12.10603446525314,
    12.10603446525314,
    12.10603446525314,
    12.10603446525314,
    12.10603446525314,
    12.10603446525314,
    12.10603446525314,
    12.10603446525314,
    12.10603446525314,
    12.10603446525314,
    12.10603446525314,
    12.10603446525314,
    12.10603446525314,
    12.10603446525314,
    12.10603446525314,
    12.10603446525314,
    12.10603446525314,
    12.10603446525314,
    12.10603446525314,
    12.10603446525314,
    12.10603446525314,
    12.10603446525314,
    12.10603446525314,
    12.10603446525314,
    12.10603446525314,
    12.10603446525314,
    12.10603446525314,
    12.10603446525314,
    12.10603446525314,
    12.10603446525314,
    12.10603446525314,
    12.10603446525314,
    12.10603446525314,
    12.10603446525314,
    12.10603446525314,
    12.10603446525314,
    12.10603446525314,
    12.10603446525314,
    12.10603446525314,
    12.10603446525314,
    12.10603446525314,
    12.10603446525314,
    12.10603446525314,
    12.10603446525314,
    12.10603446525314,
    12.10603446525314,
    12.10603446525314,
    12.10603446525314,
    12.10603446525314,
    12.10603446525314,
    12.10603446525314,
    12.10603446525314,
    12.10603446525314,
    12.10603446525314,
    12.10603446525314,
    12.10603446525314,
    12.10603446525314,
    12.10603446525314,
    12.10603446525314,
    12.10603446525314,
    12.10603446525314,
    12.10603446525314,
    12.10603446525314,
    12.10603446525314,
    12.10603446525314,
    12.10603446525314,
    12.10603446525314,
    12.10603446525314,
    12.10603446525314
  ],