{
  "train_loss": [
    0.1889574083033949,
    0.10747077199630439,
    0.0847694396506995,
    0.0670095095410943,
    0.05302739515900612,
    0.0483896309742704,
    0.04557436506729573,
    0.040921240230090916,
    0.039777934667654335,
    0.03776305296923965,
    0.035681465989910066,
    0.03474602696951479,
    0.03551125916419551,
    0.03425679466454312,
    0.03463311766972765,
    0.029518289607949555,
    0.0283344091149047,
    0.030404979712329805,
    0.026696928951423615,
    0.0257021015859209,
    0.0289374872809276,
    0.026173051621299237,
    0.02436738961841911,
    0.026575476163998246,
    0.027326751733198762,
    0.026285248692147434,
    0.0262637174455449,
    0.02505256637232378,
    0.025371849129442126,
    0.026679057511501014,
    0.025215436704456806,
    0.024952414445579052,
    0.023885944508947432,
    0.024222895328421146,
    0.024595113820396364,
    0.02290856232866645,
    0.022227492736419663,
    0.021178391529247165,
    0.020716589118819684,
    0.01989731687353924,
    0.0198012973414734,
    0.01939641372882761,
    0.019554299011360854,
    0.019087697757640854,
    0.018764063221169636,
    0.019883472647052258,
    0.01958206674316898,
    0.019820037472527474,
    0.019578715844545513,
    0.019033340853638947,
    0.01904911414021626,
    0.018157443846575916,
    0.01782940307748504,
    0.017885953362565488,
    0.01776602555764839,
    0.017945619678357616,
    0.017498226079624146,
    0.01735974391340278,
    0.017370943736750633,
    0.01730377576313913,
    0.01724647599621676,
    0.01708881978993304,
    0.017047720961272717,
    0.01709773566108197,
    0.01684110626229085,
    0.01675431668991223,
    0.016762464540079236,
    0.016890390252228826,
    0.01665058673825115,
    0.016711185220628977,
    0.01671736256685108,
    0.016842689597979188,
    0.016708769282558933,
    0.01654811968910508,
    0.01666680639027618,
    0.016518622753210366,
    0.016760392696596682,
    0.016643246199237183,
    0.01663890713825822,
    0.0166109137062449
  ],
  "val_psnr": [
    11.531412897346012,
    18.754652111667,
    19.817797749248015,
    20.74031083753347,
    21.27658751064518,
    21.66228772321638,
    22.09295738492737,
    23.05918671620264,
    23.280008003584463,
    23.860024496618443,
    23.828921107286835,
    24.35634384875506,
    24.348053453687854,
    24.423154928050067,
    24.500407731873825,
    24.48307795427086,
    24.48501240152393
  ],
  "val_epoch": [
    0,
    0,
    0,
    0,
    5,
    5,
    5,
    5,
    10,
    10,
    10,
    10,
    15,
    15,
    15,
    15,
    20,
    20,
    20,
    20,
    25,
    25,
    25,
    25,
    30,
    30,
    30,
    30,
    35,
    35,
    35,
    35,
    40,
    40,
    40,
    40,
    45,
    45,
    45,
    45,
    50,
    50,
    50,
    50,
    55,
    55,
    55,
    55,
    60,
    60,
    60,
    60,
    65,
    65,
    65,
    65,
    70,
    70,
    70,
    70,
    75,
    75,
    75,
    75,
    79,
    79,
    79,
    79
  ],
  "val_ssim": [
    0.3971956893801689,
    0.6814182102680206,
    0.7034008204936981,
    0.7298774570226669,
    0.7396196871995926,
    0.7462728768587112,
    0.7490071803331375,
    0.785242110490799,
    0.7961108833551407,
    0.8116424232721329,
    0.8117395341396332,
    0.8241730332374573,
    0.8286818861961365,
    0.8296978771686554,
    0.8318000286817551,
    0.8321119695901871,
    0.8321356028318405
  ],
  "val_l1_loss": [
    0.20812370255589485,
    0.07235717587172985,
    0.06079342123121023,
    0.05449633672833443,
    0.05038396082818508,
    0.05065388139337301,
    0.04771285504102707,
    0.03959440439939499,
    0.037037127651274204,
    0.03437729645520449,
    0.03359244577586651,
    0.03022628091275692,
    0.02957062516361475,
    0.028805479872971773,
    0.028375448659062386,
    0.028280032332986593,
    0.028253804426640272
  ],
  "val_l1_improvement": [
    -236.42498985907338,
    -16.92850116648832,
    1.7600686755027815,
    11.88727862546083,
    18.562558712764005,
    18.15263128271304,
    22.883211516150908,
    35.98418617065526,
    40.149036868578584,
    44.38047809723332,
    45.70513226946819,
    51.06821394798738,
    52.13713909957879,
    53.37147898505272,
    54.05724673664035,
    54.21000690409856,
    54.252459305624086
  ]
}