{
  "experiment": "A3",
  "description": "Two-Stage Surgical Redrawing System",
  "config": {
    "epochs": 60,
    "batch_size": 16,
    "image_size": 128,
    "device": "cuda"
  },
  "stage1_error_localizer": {
    "iou_mean": 0.9439050051372078,
    "iou_std": 0.21688229127585476,
    "f1_mean": 0.9472188939887161,
    "best_iou_during_training": 0.9445,
    "training_time_s": 55.7
  },
  "stage2_inpainter_oracle": {
    "psnr_mean": 31.355661546980315,
    "ssim_mean": 0.7119359984993935,
    "best_psnr_during_training": 31.36,
    "training_time_s": 42.0
  },
  "pipeline_end_to_end": {
    "psnr_mean": 30.893203288567456,
    "ssim_mean": 0.7108794897794724
  },
  "inference_cost": {
    "stage1_ms": 0.8806798358758291,
    "stage2_ms": 0.8213533361752828,
    "pipeline_total_ms": 1.702033172051112,
    "full_regen_ms": 0.11569233238697052,
    "speedup_ratio": 0.06797297861978313
  }
}