{
  "train_loss": [
    0.9547248987051157,
    0.7496089064157926,
    0.6913846685336187,
    0.6118564949585841,
    0.29436452228289384,
    0.4526084214448929,
    1.0148456188348622,
    1.0055579405564528,
    0.8734427094459534,
    0.2897066462498445,
    0.2914252745417448,
    0.22179166227579117,
    0.17780289225853407,
    0.16558160747473055,
    0.15144014186584032,
    0.17927069790088213,
    0.15211961676294988,
    0.13869739982944268,
    0.192003393975588,
    0.10945050447033002,
    0.1023387719805424,
    0.1635524372641857,
    0.13960060419944617,
    0.16916908180484405,
    0.11087358886232743,
    0.1276646674825595,
    0.10429022360879642,
    0.08117623197344634,
    0.09739270433783531,
    0.19773638277099684,
    0.06419790679445633,
    0.054264130214085944,
    0.05709671759261535,
    0.04978222127717275,
    0.06156614050269127,
    0.04336565489379259,
    0.04910662698631103,
    0.041208138975959555,
    0.04781704403173465,
    0.04456893146897738,
    0.0418774254190234,
    0.036193993945534415,
    0.03382473331517898,
    0.03619975123841029,
    0.035170258524326176,
    0.03522884315596177,
    0.03268134414863128,
    0.030919868427400406,
    0.030687744442660075,
    0.030547777405725077,
    0.03477002873730201,
    0.029325159194950875,
    0.029695800219017725,
    0.033682795313115306,
    0.02903596147035177,
    0.029094757798772592,
    0.02852558595343278,
    0.032674513972149447,
    0.02869269703156673,
    0.028531275904522493
  ],
  "val_iou": [
    0.2780397628438991,
    0.7135563401002364,
    0.16304787316311184,
    0.7812758145857878,
    0.7090420673569443,
    0.07228322854154749,
    0.0722808837890625,
    0.0409846944059121,
    0.7171353211000622,
    0.7421111971557688,
    0.8254061830658694,
    0.8404969733194465,
    0.8209276023726346,
    0.8750142859534767,
    0.8771738820401229,
    0.8758582625223952,
    0.8565604660498595,
    0.8339989164621298,
    0.8907551276648104,
    0.8834232993484384,
    0.8884838304519744,
    0.8431542873437122,
    0.9141142307988017,
    0.8641258349489547,
    0.9144793114648466,
    0.9061071808696957,
    0.9180227287811851,
    0.9169715080440565,
    0.9233524084451095,
    0.9224536236432369,
    0.9311222800653913,
    0.9365427956006048,
    0.9365261857478957,
    0.9354437329150945,
    0.9273202867920661,
    0.9397238308252946,
    0.9396400774634651,
    0.9386902582381786,
    0.9411549067010189,
    0.9422343871755293,
    0.9370086360988669,
    0.9418250728311737,
    0.9332438881533636,
    0.9347902610637163,
    0.9415435505771399,
    0.9370834154457937,
    0.9423430086588278,
    0.9439017911229385,
    0.9424968770877798,
    0.9435668457989914,
    0.9430542255890242,
    0.9445143313512367,
    0.9433428256290819,
    0.9423566251316118,
    0.9444576001159242,
    0.9436234046753664,
    0.9443873808559304,
    0.9439050051372078,
    0.9439050051372078,
    0.9439050051372078
  ],
  "val_f1": [
    0.0,
    0.0,
    0.28757010004297057,
    0.8335207851283227,
    0.7818050222329995,
    0.1330723590716402,
    0.13305563708176588,
    0.0,
    0.746310571695244,
    0.7912229380709169,
    0.8824597646905898,
    0.8908467199354861,
    0.8799363361668926,
    0.9106226409069533,
    0.9116781310062363,
    0.9094110653221446,
    0.9007404438114024,
    0.8727974823844248,
    0.9186938321963177,
    0.9160881910193395,
    0.9184632173361316,
    0.893946157237602,
    0.9320469044354276,
    0.9053074701439243,
    0.9313374116149014,
    0.9280139376058519,
    0.9340009349537504,
    0.9316572277011923,
    0.9369278661722127,
    0.9365675966557481,
    0.9405878493792275,
    0.9428302985534094,
    0.9431850025390659,
    0.9417078817846545,
    0.94046968479234,
    0.9450025743136663,
    0.9447106251370124,
    0.9440720493443597,
    0.9456500648286855,
    0.9458689419291737,
    0.9440082485789668,
    0.9462398774788083,
    0.9424727989650139,
    0.9428575428212455,
    0.9459167477718451,
    0.9442959862900496,
    0.9464620262513694,
    0.9471441600829836,
    0.9464313644065386,
    0.9470196274066328,
    0.9469061310458246,
    0.9472417726689079,
    0.9470538865098372,
    0.9465829491661542,
    0.9471743890892356,
    0.9470698929749217,
    0.9472115051851873,
    0.9471675542449521,
    0.9472017774177373,
    0.9472188939887161
  ],
  "train_sparse": [
    0.027264546459684007,
    0.007143659736567105,
    0.01057160623335781,
    0.023172126276991688,
    0.010287543902030358,
    0.029982802601387866,
    0.09979145114238445,
    0.09192770920120753,
    0.0177539037182354,
    0.010296108201146126,
    0.010074717780718436,
    0.009638287485218965,
    0.008262845365187297,
    0.008299006077532586,
    0.008290936704725027,
    0.009294438032576671,
    0.007419813245248336,
    0.00775170845624346,
    0.011851859422257313,
    0.008174044581559988,
    0.00791328837378667,
    0.011665327832675897,
    0.007857650661697755,
    0.014083274353582125,
    0.008298604784963222,
    0.009846990534032766,
    0.009175594036395732,
    0.008932036061126452,
    0.007894809751843031,
    0.015303019935695024,
    0.008393348158838658,
    0.008455594822477836,
    0.008113560983194755,
    0.008334054432522792,
    0.008266728944503345,
    0.008405583050961677,
    0.008254198214182487,
    0.008388168930720825,
    0.008360808428663474,
    0.008312462721593104,
    0.008348652878059791,
    0.0084535342354614,
    0.008310154653512515,
    0.008403463718982844,
    0.008418463385449005,
    0.008447126306306858,
    0.008377533692580003,
    0.008301781669545632,
    0.00845906138420105,
    0.008301599130321007,
    0.008313493946423898,
    0.008469239665338626,
    0.008332785039853591,
    0.008329010031257685,
    0.00835106589903052,
    0.008380934237860717,
    0.008343608082773594,
    0.008337623009888025,
    0.008365479656136952,
    0.008284534721706923
  ],
  "train_iou": [
    0.9274603541080768,
    0.7424652393047626,
    0.6808130649419931,
    0.5886843731770148,
    0.2840769783808635,
    0.42262562020466876,
    0.9150541608150189,
    0.9136302196062528,
    0.8556888011785654,
    0.27941053074139816,
    0.2813505587669519,
    0.21215337285628685,
    0.169540048791812,
    0.15728260175539896,
    0.14314920627153838,
    0.16997625764745933,
    0.1446998041982834,
    0.13094569169558012,
    0.1801515341951297,
    0.10127645988877003,
    0.09442548539776069,
    0.15188710993299118,
    0.13174295282134643,
    0.15508580752290213,
    0.1025749843281049,
    0.11781767813058999,
    0.09511463028880265,
    0.0722441954108385,
    0.08949789290244763,
    0.18243336104429686,
    0.05580455867143778,
    0.04580853535578801,
    0.048983156107939206,
    0.04144816645062887,
    0.05329941184474872,
    0.03496007220103191,
    0.040852428342287354,
    0.032819969149736256,
    0.03945623624783296,
    0.036256469499606356,
    0.0335287729708048,
    0.027740459602612715,
    0.025514578590026267,
    0.02779628737614705,
    0.026751795067236975,
    0.026781716885475013,
    0.024303810241130683,
    0.02261808657875428,
    0.022228683130099222,
    0.022246177953023177,
    0.026456534575957518,
    0.020855919672892645,
    0.02136301535826463,
    0.025353785317677718,
    0.02068489560714135,
    0.020713823632552072,
    0.020181977978119485,
    0.024336890818981025,
    0.020327216730667994,
    0.020246741290275868
  ]
}