{
  "epoch": [
    0,
    1,
    2,
    3,
    4,
    5,
    6,
    7,
    8,
    9,
    10,
    11,
    12,
    13,
    14,
    15,
    16,
    17,
    18,
    19,
    20,
    21,
    22,
    23,
    24,
    25,
    26,
    27,
    28,
    29,
    30,
    31,
    32,
    33,
    34,
    35,
    36,
    37,
    38,
    39,
    40,
    41,
    42,
    43,
    44,
    45,
    46,
    47,
    48,
    49,
    50,
    51,
    52,
    53,
    54,
    55,
    56,
    57,
    58,
    59,
    60,
    61,
    62,
    63,
    64,
    65,
    66,
    67,
    68,
    69,
    70,
    71,
    72,
    73,
    74,
    75,
    76,
    77,
    78,
    79
  ],
  "seed": 42,
  "train_loss": [
    0.05550653859972954,
    0.05309859337285161,
    0.052872332162223756,
    0.04788119869772345,
    0.0456282157683745,
    0.04662951419595629,
    0.04457004298456013,
    0.040294564445503056,
    0.039324693847447634,
    0.039591323758941144,
    0.03969216963741928,
    0.03916639450471848,
    0.039174621691927314,
    0.03892051998991519,
    0.03895184036809951,
    0.039089423953555524,
    0.03906296391505748,
    0.03933097084518522,
    0.039192284864839166,
    0.03884712571743876,
    0.039230216993018985,
    0.03919585794210434,
    0.03912045230390504,
    0.038806384487543255,
    0.03922729613259435,
    0.03902082232525572,
    0.039248574525117874,
    0.03907384036574513,
    0.03907266049645841,
    0.03905045031569898,
    0.03926191502250731,
    0.03891614428721368,
    0.03902615077095106,
    0.03918845730368048,
    0.038884997949935496,
    0.03905488143209368,
    0.03865638643037528,
    0.03891311935149133,
    0.03892449080012739,
    0.03872792155016214,
    0.03878501045983285,
    0.03866497764829546,
    0.0382827430148609,
    0.03853129269555211,
    0.03824646840803325,
    0.038782243500463665,
    0.03834089188603684,
    0.03860928595531732,
    0.038634322001598775,
    0.03833286638837308,
    0.03832944028545171,
    0.038265193288680166,
    0.03799519030144438,
    0.03805732209002599,
    0.038246819807682186,
    0.038169946463312954,
    0.03782556165242568,
    0.03811167855747044,
    0.038006754068192095,
    0.03785525937564671,
    0.03767350997077301,
    0.03809958981582895,
    0.03771021339343861,
    0.038212863728404045,
    0.03797838377067819,
    0.037714061443693936,
    0.03772912593558431,
    0.03791296697454527,
    0.0376951964572072,
    0.03766878612805158,
    0.03742394037544727,
    0.037751941301394254,
    0.038039608974941075,
    0.0379850406316109,
    0.038052899995818734,
    0.03781713935313746,
    0.0375037330086343,
    0.03783006104640663,
    0.037747103604488075,
    0.03784895036369562
  ],
  "train_l1": [
    0.05550653859972954,
    0.05191940860822797,
    0.050563428667373955,
    0.04458084038924426,
    0.041502372245304286,
    0.041836120653897524,
    0.041074810549616814,
    0.040123058832250535,
    0.03912367206066847,
    0.039376695989631116,
    0.03945696639129892,
    0.03890377574134618,
    0.038907348993234336,
    0.03864137711934745,
    0.03865905775455758,
    0.038761968142353,
    0.03871879098005593,
    0.03898365481290966,
    0.038831604935694486,
    0.038465154357254505,
    0.038819607929326594,
    0.03879192325985059,
    0.03867441473994404,
    0.038342704181559384,
    0.03875334421172738,
    0.038530018529854715,
    0.03874199988786131,
    0.038554170401766896,
    0.03855951316654682,
    0.03851931937970221,
    0.038705437211319804,
    0.03833200392546132,
    0.03842128487303853,
    0.03860072954557836,
    0.03827855898998678,
    0.038434282469097525,
    0.03804593946551904,
    0.03832594340201467,
    0.038329144881572574,
    0.03812465933151543,
    0.03819065378047526,
    0.03810516628436744,
    0.03773756942246109,
    0.03798031201586127,
    0.037700331886298954,
    0.03828614321537316,
    0.0378588626626879,
    0.038144357793498784,
    0.03819412417942658,
    0.037901389645412564,
    0.03789865167345852,
    0.03786065772874281,
    0.03757933125598356,
    0.037653360865078866,
    0.0378416414023377,
    0.037791894807014614,
    0.03747098660096526,
    0.037769669434055686,
    0.037675536004826427,
    0.03753453912213445,
    0.037360787217039615,
    0.03779632551595569,
    0.03740586381172761,
    0.037916248373221606,
    0.037693116639275104,
    0.037430205848068,
    0.03744857548736036,
    0.03764212399255484,
    0.03742526168935001,
    0.03740342182572931,
    0.037154256307985634,
    0.03749041067203507,
    0.03778127516852692,
    0.03773118573008105,
    0.03779841441428289,
    0.0375644814921543,
    0.03724645345937461,
    0.03757766762282699,
    0.03749513503862545,
    0.03759838145924732
  ],
  "val_psnr": [
    12.84884159094965,
    12.850895618916008,
    8.824976606834529,
    11.385071259436806,
    12.007666152132717,
    11.835148886194775,
    12.058783107156598,
    12.480618602135884,
    12.248973745690634,
    12.520500144124046,
    12.393868635691819,
    12.813080109081532,
    12.41622867656038,
    12.539316491052338,
    12.67671390137524,
    12.960656198646939,
    13.087415031381596,
    13.259181818051488,
    12.432764269775815,
    12.628323889354695,
    12.867243858659817,
    12.652684110601676,
    12.85861770426338,
    12.683123414251328,
    12.96544474502485,
    12.60152164662438,
    12.640841305451262,
    12.443231495288902,
    12.804050319917517,
    12.802308565208262,
    12.516542036520915,
    12.7677845164495,
    12.857667631888534,
    12.737325865203168,
    12.801454654120434,
    12.844682601282035,
    12.871158778702167,
    12.521910402717118,
    12.712389976391858,
    12.873892947471774,
    12.777789107025264,
    12.839840965731687,
    12.826937015490413,
    12.797590517141685,
    12.75213249616548,
    12.819791810472138,
    12.704151857144922,
    12.697877038724922,
    12.643900270117294,
    12.956163367563445,
    12.80152973916025,
    12.733322384797429,
    12.929265832470836,
    12.904335416061897,
    12.667908145312168,
    12.739465342484221,
    12.758728101993025,
    12.738737489747288,
    12.662816375653952,
    12.704470567826142,
    12.466669375948985,
    12.807226848915944,
    12.604289389465604,
    12.681945666092817,
    12.744631677264326,
    12.708599989357396,
    12.683655958104598,
    12.62289620834758,
    12.664877825475344,
    12.586019771924677,
    12.620764437416126,
    12.643524720496284,
    12.654062670083665,
    12.656711834346698,
    12.651463338355873,
    12.63000606988462,
    12.628384988215991,
    12.631304668105711,
    12.627695434094813,
    12.627896543723073
  ],