{
  "train_loss": [
    1.1664087382646708,
    0.3236914689724262,
    0.343273231616387,
    0.30323846408954036,
    0.2774087030154008,
    0.2819795516821054,
    0.267876447393344,
    0.27950271849448866,
    0.2699897507062325,
    0.25339639301483446,
    0.26466116309165955,
    0.25292528019501614,
    0.2527032093359874,
    0.23560805389514336,
    0.2391538264659735,
    0.2312860878614279,
    0.23265767441346094,
    0.21686438413766715,
    0.19388416065619543,
    0.18272245618013236,
    0.16431492796311012,
    0.15384531823488382,
    0.14288144272107345,
    0.13193627962699303,
    0.1473048203266584,
    0.14344836542239556,
    0.1255095572425769,
    0.13085813189928347,
    0.14381748495193628,
    0.12833923789171073,
    0.1258776164971865,
    0.11929527899393669,
    0.11781339461986835,
    0.11051823084171002,
    0.11395990390043992,
    0.1121415627690462,
    0.10843605605455545,
    0.10621506778093484,
    0.10480225602021584,
    0.10163283863892922,
    0.10114761098073079,
    0.10210080158251983,
    0.09893070104030463,
    0.09772773602834114,
    0.09882154888831653,
    0.09804955468727992,
    0.09785898832174447,
    0.09624277571072945,
    0.09808024133627231,
    0.10007629085045594,
    0.09775649584256686,
    0.0945073263003276,
    0.09478815931540269,
    0.0943248810676428,
    0.09546516950313862,
    0.09490640404132697,
    0.09517339215828823,
    0.09321418060706212,
    0.09375426287834461,
    0.09519185870885849
  ],
  "val_psnr": [
    18.169588694984302,
    19.900974189719182,
    21.56398525035471,
    20.859152788638035,
    21.721859221436574,
    22.34630795105675,
    22.19325025103621,
    22.717937201246194,
    22.305180353506998,
    22.628501239740007,
    23.219262062575005,
    24.293462731530294,
    24.732521722172574,
    24.513696239436687,
    24.73919048083612,
    23.03466926907482,
    25.71423266613482,
    24.42044423349195,
    24.995221988950867,
    25.60349088879476,
    25.591944608979652,
    26.476312994246705,
    27.735990246379153,
    28.73400675780362,
    27.73467885583208,
    26.97836980138764,
    28.262102170705596,
    25.11865098822603,
    29.14298576986087,
    29.64968337575444,
    29.3363868949538,
    28.788795698051256,
    29.58725500538725,
    29.91933167970806,
    29.648178916830112,
    29.99070362168432,
    30.299035713444443,
    30.313841982306116,
    29.9662147453373,
    30.418253931658263,
    30.304705447288665,
    30.59063447172714,
    30.760825263417786,
    30.755871197296777,
    30.924748353403533,
    30.403965855404333,
    31.164649709718695,
    30.968950667091274,
    30.649320175324032,
    30.447856114347406,
    31.251854746968284,
    31.266923630425964,
    31.182884657450682,
    31.26035995039277,
    31.22948591107157,
    31.334053804547427,
    31.335789757315304,
    31.346027214392173,
    31.35459500719739,
    31.355661589069655
  ],
  "val_ssim": [
    0.6151913851499557,
    0.6490885123610497,
    0.6573422253131866,
    0.6609748020768166,
    0.6643389657139778,
    0.6674466401338577,
    0.6695101231336593,
    0.6706560134887696,
    0.6746267333626748,
    0.6733179479837418,
    0.6816675886511803,
    0.6843329399824143,
    0.6849981412291527,
    0.6664589256048202,
    0.685542605817318,
    0.6589933902025222,
    0.6850296422839165,
    0.6706647619605064,
    0.6819004371762276,
    0.6748646095395088,
    0.6734281361103058,
    0.6794795915484428,
    0.6911698564887047,
    0.6973150432109833,
    0.6849885761737824,
    0.6892360106110573,
    0.6889846414327622,
    0.6833517342805863,
    0.7028065174818039,
    0.7031317830085755,
    0.703252163529396,
    0.7037707731127739,
    0.7040631785988808,
    0.7064259260892868,
    0.7062324494123459,
    0.7057059213519097,
    0.706954525411129,
    0.7067504301667213,
    0.7073826193809509,
    0.7076112821698188,
    0.7084898322820663,
    0.7088561281561852,
    0.7094300106167793,
    0.7097145363688468,
    0.7098476231098175,
    0.7098974198102951,
    0.7108512416481971,
    0.7106775894761086,
    0.7115583509206772,
    0.7119624450802803,
    0.7114395946264267,
    0.7117123290896415,
    0.7114833578467369,
    0.7118160486221313,
    0.7116022005677223,
    0.7120084911584854,
    0.7118984550237656,
    0.7118993371725082,
    0.7119324192404747,
    0.7119360104203224
  ]
}